Godot Engine v4.7.1.stable.official.a13da4feb - https://godotengine.org

[   0% ] [90m[1mfirst_scan_filesystem[22m | Started 프로젝트 초기화 (5 steps)[39m[0m
[   0% ] [90m[1mfirst_scan_filesystem[22m | 파일 구조 스캔 중...[39m[0m
[  16% ] [90m[1mfirst_scan_filesystem[22m | 전역 클래스 이름을 불러오는 중...[39m[0m
[  33% ] [90m[1mfirst_scan_filesystem[22m | GDExtensions 검증 중...[39m[0m
[  50% ] [90m[1mfirst_scan_filesystem[22m | 오토로드 스크립트를 만드는 중...[39m[0m
[  66% ] [90m[1mfirst_scan_filesystem[22m | 플러그인을 초기화 중...[39m[0m
[  83% ] [90m[1mfirst_scan_filesystem[22m | 파일 스캔 시작 중...[39m[0m
[92m[ DONE ][39m [1mfirst_scan_filesystem[22m
[0m
[   0% ] [90m[1m_update_scan_actions[22m | Started 액션 스캔 중... (649 steps)[39m[0m
[   0% ] [90m[1m_update_scan_actions[22m | E.png[39m[0m
[   0% ] [90m[1m_update_scan_actions[22m | E.web.webp[39m[0m
[   0% ] [90m[1m_update_scan_actions[22m | N.png[39m[0m
[   0% ] [90m[1m_update_scan_actions[22m | N.web.webp[39m[0m
[   0% ] [90m[1m_update_scan_actions[22m | NE.png[39m[0m
[   0% ] [90m[1m_update_scan_actions[22m | NE.web.webp[39m[0m
[   0% ] [90m[1m_update_scan_actions[22m | NW.png[39m[0m
[   1% ] [90m[1m_update_scan_actions[22m | NW.web.webp[39m[0m
[   1% ] [90m[1m_update_scan_actions[22m | S.png[39m[0m
[   1% ] [90m[1m_update_scan_actions[22m | S.web.webp[39m[0m
[   1% ] [90m[1m_update_scan_actions[22m | SE.png[39m[0m
[   1% ] [90m[1m_update_scan_actions[22m | SE.web.webp[39m[0m
[   1% ] [90m[1m_update_scan_actions[22m | SW.png[39m[0m
[   2% ] [90m[1m_update_scan_actions[22m | SW.web.webp[39m[0m
[   2% ] [90m[1m_update_scan_actions[22m | W.png[39m[0m
[   2% ] [90m[1m_update_scan_actions[22m | W.web.webp[39m[0m
[   2% ] [90m[1m_update_scan_actions[22m | E.png[39m[0m
[   2% ] [90m[1m_update_scan_actions[22m | E.web.webp[39m[0m
[   2% ] [90m[1m_update_scan_actions[22m | N.png[39m[0m
[   2% ] [90m[1m_update_scan_actions[22m | N.web.webp[39m[0m
[   3% ] [90m[1m_update_scan_actions[22m | NE.png[39m[0m
[   3% ] [90m[1m_update_scan_actions[22m | NE.web.webp[39m[0m
[   3% ] [90m[1m_update_scan_actions[22m | NW.png[39m[0m
[   3% ] [90m[1m_update_scan_actions[22m | NW.web.webp[39m[0m
[   3% ] [90m[1m_update_scan_actions[22m | S.png[39m[0m
[   3% ] [90m[1m_update_scan_actions[22m | S.web.webp[39m[0m
[   4% ] [90m[1m_update_scan_actions[22m | SE.png[39m[0m
[   4% ] [90m[1m_update_scan_actions[22m | SE.web.webp[39m[0m
[   4% ] [90m[1m_update_scan_actions[22m | SW.png[39m[0m
[   4% ] [90m[1m_update_scan_actions[22m | SW.web.webp[39m[0m
[   4% ] [90m[1m_update_scan_actions[22m | W.png[39m[0m
[   4% ] [90m[1m_update_scan_actions[22m | W.web.webp[39m[0m
[   4% ] [90m[1m_update_scan_actions[22m | NULL_PYLON.png[39m[0m
[   5% ] [90m[1m_update_scan_actions[22m | NULL_PYLON.web.webp[39m[0m
[   5% ] [90m[1m_update_scan_actions[22m | E.png[39m[0m
[   5% ] [90m[1m_update_scan_actions[22m | E.web.webp[39m[0m
[   5% ] [90m[1m_update_scan_actions[22m | N.png[39m[0m
[   5% ] [90m[1m_update_scan_actions[22m | N.web.webp[39m[0m
[   5% ] [90m[1m_update_scan_actions[22m | NE.png[39m[0m
[   6% ] [90m[1m_update_scan_actions[22m | NE.web.webp[39m[0m
[   6% ] [90m[1m_update_scan_actions[22m | NW.png[39m[0m
[   6% ] [90m[1m_update_scan_actions[22m | NW.web.webp[39m[0m
[   6% ] [90m[1m_update_scan_actions[22m | S.png[39m[0m
[   6% ] [90m[1m_update_scan_actions[22m | S.web.webp[39m[0m
[   6% ] [90m[1m_update_scan_actions[22m | SE.png[39m[0m
[   6% ] [90m[1m_update_scan_actions[22m | SE.web.webp[39m[0m
[   7% ] [90m[1m_update_scan_actions[22m | SW.png[39m[0m
[   7% ] [90m[1m_update_scan_actions[22m | SW.web.webp[39m[0m
[   7% ] [90m[1m_update_scan_actions[22m | W.png[39m[0m
[   7% ] [90m[1m_update_scan_actions[22m | W.web.webp[39m[0m
[   7% ] [90m[1m_update_scan_actions[22m | E.png[39m[0m
[   7% ] [90m[1m_update_scan_actions[22m | E.web.webp[39m[0m
[   8% ] [90m[1m_update_scan_actions[22m | N.png[39m[0m
[   8% ] [90m[1m_update_scan_actions[22m | N.web.webp[39m[0m
[   8% ] [90m[1m_update_scan_actions[22m | NE.png[39m[0m
[   8% ] [90m[1m_update_scan_actions[22m | NE.web.webp[39m[0m
[   8% ] [90m[1m_update_scan_actions[22m | NW.png[39m[0m
[   8% ] [90m[1m_update_scan_actions[22m | NW.web.webp[39m[0m
[   8% ] [90m[1m_update_scan_actions[22m | S.png[39m[0m
[   9% ] [90m[1m_update_scan_actions[22m | S.web.webp[39m[0m
[   9% ] [90m[1m_update_scan_actions[22m | SE.png[39m[0m
[   9% ] [90m[1m_update_scan_actions[22m | SE.web.webp[39m[0m
[   9% ] [90m[1m_update_scan_actions[22m | SW.png[39m[0m
[   9% ] [90m[1m_update_scan_actions[22m | SW.web.webp[39m[0m
[   9% ] [90m[1m_update_scan_actions[22m | W.png[39m[0m
[  10% ] [90m[1m_update_scan_actions[22m | W.web.webp[39m[0m
[  10% ] [90m[1m_update_scan_actions[22m | anchor.png[39m[0m
[  10% ] [90m[1m_update_scan_actions[22m | anchor.web.webp[39m[0m
[  10% ] [90m[1m_update_scan_actions[22m | FORGE_WARDEN.png[39m[0m
[  10% ] [90m[1m_update_scan_actions[22m | FORGE_WARDEN.web.webp[39m[0m
[  10% ] [90m[1m_update_scan_actions[22m | CARRIER_NULL.png[39m[0m
[  10% ] [90m[1m_update_scan_actions[22m | CARRIER_NULL.web.webp[39m[0m
[  11% ] [90m[1m_update_scan_actions[22m | ANCHORED.png[39m[0m
[  11% ] [90m[1m_update_scan_actions[22m | ANCHORED.web.webp[39m[0m
[  11% ] [90m[1m_update_scan_actions[22m | 03_ARCHIVE_ANNEX_CONTINUITY.png[39m[0m
[  11% ] [90m[1m_update_scan_actions[22m | 03_ARCHIVE_ANNEX_CONTINUITY.webp[39m[0m
[  11% ] [90m[1m_update_scan_actions[22m | 03_ARCHIVE_ANNEX_GAME.png[39m[0m
[  11% ] [90m[1m_update_scan_actions[22m | 03_ARCHIVE_ANNEX_GAME.webp[39m[0m
[  12% ] [90m[1m_update_scan_actions[22m | 11_ARCHIVE_CONTAINMENT_CONNECTOR_CONTINUITY.png[39m[0m
[  12% ] [90m[1m_update_scan_actions[22m | 11_ARCHIVE_CONTAINMENT_CONNECTOR_CONTINUITY.webp[39m[0m
[  12% ] [90m[1m_update_scan_actions[22m | 11_ARCHIVE_CONTAINMENT_CONNECTOR_GAME.png[39m[0m
[  12% ] [90m[1m_update_scan_actions[22m | 11_ARCHIVE_CONTAINMENT_CONNECTOR_GAME.webp[39m[0m
[  12% ] [90m[1m_update_scan_actions[22m | 14_ARCHIVE_STORES_CONNECTOR_CONTINUITY.png[39m[0m
[  12% ] [90m[1m_update_scan_actions[22m | 14_ARCHIVE_STORES_CONNECTOR_CONTINUITY.webp[39m[0m
[  12% ] [90m[1m_update_scan_actions[22m | 14_ARCHIVE_STORES_CONNECTOR_GAME.png[39m[0m
[  13% ] [90m[1m_update_scan_actions[22m | 14_ARCHIVE_STORES_CONNECTOR_GAME.webp[39m[0m
[  13% ] [90m[1m_update_scan_actions[22m | 12_CONTAINMENT_CORE_CONNECTOR_CONTINUITY.png[39m[0m
[  13% ] [90m[1m_update_scan_actions[22m | 12_CONTAINMENT_CORE_CONNECTOR_CONTINUITY.webp[39m[0m
[  13% ] [90m[1m_update_scan_actions[22m | 12_CONTAINMENT_CORE_CONNECTOR_GAME.png[39m[0m
[  13% ] [90m[1m_update_scan_actions[22m | 12_CONTAINMENT_CORE_CONNECTOR_GAME.webp[39m[0m
[  13% ] [90m[1m_update_scan_actions[22m | 15_CONTAINMENT_SIGNAL_CONNECTOR_CONTINUITY.png[39m[0m
[  14% ] [90m[1m_update_scan_actions[22m | 15_CONTAINMENT_SIGNAL_CONNECTOR_CONTINUITY.webp[39m[0m
[  14% ] [90m[1m_update_scan_actions[22m | 15_CONTAINMENT_SIGNAL_CONNECTOR_GAME.png[39m[0m
[  14% ] [90m[1m_update_scan_actions[22m | 15_CONTAINMENT_SIGNAL_CONNECTOR_GAME.webp[39m[0m
[  14% ] [90m[1m_update_scan_actions[22m | 13_CORE_LIFT_CONNECTOR_CONTINUITY.png[39m[0m
[  14% ] [90m[1m_update_scan_actions[22m | 13_CORE_LIFT_CONNECTOR_CONTINUITY.webp[39m[0m
[  14% ] [90m[1m_update_scan_actions[22m | 13_CORE_LIFT_CONNECTOR_GAME.png[39m[0m
[  14% ] [90m[1m_update_scan_actions[22m | 13_CORE_LIFT_CONNECTOR_GAME.webp[39m[0m
[  15% ] [90m[1m_update_scan_actions[22m | 10_DECON_ARCHIVE_CONNECTOR_CONTINUITY.png[39m[0m
[  15% ] [90m[1m_update_scan_actions[22m | 10_DECON_ARCHIVE_CONNECTOR_CONTINUITY.webp[39m[0m
[  15% ] [90m[1m_update_scan_actions[22m | 10_DECON_ARCHIVE_CONNECTOR_GAME.png[39m[0m
[  15% ] [90m[1m_update_scan_actions[22m | 10_DECON_ARCHIVE_CONNECTOR_GAME.webp[39m[0m
[  15% ] [90m[1m_update_scan_actions[22m | 09_GATE_DECON_CONNECTOR_CONTINUITY.png[39m[0m
[  15% ] [90m[1m_update_scan_actions[22m | 09_GATE_DECON_CONNECTOR_CONTINUITY.webp[39m[0m
[  16% ] [90m[1m_update_scan_actions[22m | 09_GATE_DECON_CONNECTOR_GAME.png[39m[0m
[  16% ] [90m[1m_update_scan_actions[22m | 09_GATE_DECON_CONNECTOR_GAME.webp[39m[0m
[  16% ] [90m[1m_update_scan_actions[22m | 04_CONTAINMENT_JUNCTION_CONTINUITY.png[39m[0m
[  16% ] [90m[1m_update_scan_actions[22m | 04_CONTAINMENT_JUNCTION_CONTINUITY.webp[39m[0m
[  16% ] [90m[1m_update_scan_actions[22m | 04_CONTAINMENT_JUNCTION_GAME.png[39m[0m
[  16% ] [90m[1m_update_scan_actions[22m | 04_CONTAINMENT_JUNCTION_GAME.webp[39m[0m
[  16% ] [90m[1m_update_scan_actions[22m | 05_CORE_C_CONTINUITY.png[39m[0m
[  17% ] [90m[1m_update_scan_actions[22m | 05_CORE_C_CONTINUITY.webp[39m[0m
[  17% ] [90m[1m_update_scan_actions[22m | 05_CORE_C_GAME.png[39m[0m
[  17% ] [90m[1m_update_scan_actions[22m | 05_CORE_C_GAME.webp[39m[0m
[  17% ] [90m[1m_update_scan_actions[22m | 02_DECON_CORRIDOR_CONTINUITY.png[39m[0m
[  17% ] [90m[1m_update_scan_actions[22m | 02_DECON_CORRIDOR_CONTINUITY.webp[39m[0m
[  17% ] [90m[1m_update_scan_actions[22m | 02_DECON_CORRIDOR_GAME.png[39m[0m
[  18% ] [90m[1m_update_scan_actions[22m | 02_DECON_CORRIDOR_GAME.webp[39m[0m
[  18% ] [90m[1m_update_scan_actions[22m | 06_EMERGENCY_LIFT_CONTINUITY.png[39m[0m
[  18% ] [90m[1m_update_scan_actions[22m | 06_EMERGENCY_LIFT_CONTINUITY.webp[39m[0m
[  18% ] [90m[1m_update_scan_actions[22m | 06_EMERGENCY_LIFT_GAME.png[39m[0m
[  18% ] [90m[1m_update_scan_actions[22m | 06_EMERGENCY_LIFT_GAME.webp[39m[0m
[  18% ] [90m[1m_update_scan_actions[22m | 07_EMERGENCY_STORES_CONTINUITY.png[39m[0m
[  18% ] [90m[1m_update_scan_actions[22m | 07_EMERGENCY_STORES_CONTINUITY.webp[39m[0m
[  19% ] [90m[1m_update_scan_actions[22m | 07_EMERGENCY_STORES_GAME.png[39m[0m
[  19% ] [90m[1m_update_scan_actions[22m | 07_EMERGENCY_STORES_GAME.webp[39m[0m
[  19% ] [90m[1m_update_scan_actions[22m | barrier.png[39m[0m
[  19% ] [90m[1m_update_scan_actions[22m | cabinet.png[39m[0m
[  19% ] [90m[1m_update_scan_actions[22m | crate.png[39m[0m
[  19% ] [90m[1m_update_scan_actions[22m | generator.png[39m[0m
[  20% ] [90m[1m_update_scan_actions[22m | 01_OUTER_GATE_CONTINUITY.png[39m[0m
[  20% ] [90m[1m_update_scan_actions[22m | 01_OUTER_GATE_CONTINUITY.webp[39m[0m
[  20% ] [90m[1m_update_scan_actions[22m | 01_OUTER_GATE_GAME.png[39m[0m
[  20% ] [90m[1m_update_scan_actions[22m | 01_OUTER_GATE_GAME.webp[39m[0m
[  20% ] [90m[1m_update_scan_actions[22m | 08_SIGNAL_LAB_CONTINUITY.png[39m[0m
[  20% ] [90m[1m_update_scan_actions[22m | 08_SIGNAL_LAB_CONTINUITY.webp[39m[0m
[  20% ] [90m[1m_update_scan_actions[22m | 08_SIGNAL_LAB_GAME.png[39m[0m
[  21% ] [90m[1m_update_scan_actions[22m | 08_SIGNAL_LAB_GAME.webp[39m[0m
[  21% ] [90m[1m_update_scan_actions[22m | S02_10_MAINTENANCE_RELAY_ARCHIVE_CONTINUITY.png[39m[0m
[  21% ] [90m[1m_update_scan_actions[22m | S02_10_MAINTENANCE_RELAY_ARCHIVE_CONTINUITY.webp[39m[0m
[  21% ] [90m[1m_update_scan_actions[22m | S02_10_MAINTENANCE_RELAY_ARCHIVE_GAME.png[39m[0m
[  21% ] [90m[1m_update_scan_actions[22m | S02_10_MAINTENANCE_RELAY_ARCHIVE_GAME.webp[39m[0m
[  21% ] [90m[1m_update_scan_actions[22m | S02_15_QUARANTINE_ECHO_RECORDER_CONTINUITY.png[39m[0m
[  22% ] [90m[1m_update_scan_actions[22m | S02_15_QUARANTINE_ECHO_RECORDER_CONTINUITY.webp[39m[0m
[  22% ] [90m[1m_update_scan_actions[22m | S02_15_QUARANTINE_ECHO_RECORDER_GAME.png[39m[0m
[  22% ] [90m[1m_update_scan_actions[22m | S02_15_QUARANTINE_ECHO_RECORDER_GAME.webp[39m[0m
[  22% ] [90m[1m_update_scan_actions[22m | S02_12_QUARANTINE_SUBLEVEL_RELAY_CONTINUITY.png[39m[0m
[  22% ] [90m[1m_update_scan_actions[22m | S02_12_QUARANTINE_SUBLEVEL_RELAY_CONTINUITY.webp[39m[0m
[  22% ] [90m[1m_update_scan_actions[22m | S02_12_QUARANTINE_SUBLEVEL_RELAY_GAME.png[39m[0m
[  22% ] [90m[1m_update_scan_actions[22m | S02_12_QUARANTINE_SUBLEVEL_RELAY_GAME.webp[39m[0m
[  23% ] [90m[1m_update_scan_actions[22m | S02_09_REENTRY_MAINTENANCE_CONTINUITY.png[39m[0m
[  23% ] [90m[1m_update_scan_actions[22m | S02_09_REENTRY_MAINTENANCE_CONTINUITY.webp[39m[0m
[  23% ] [90m[1m_update_scan_actions[22m | S02_09_REENTRY_MAINTENANCE_GAME.png[39m[0m
[  23% ] [90m[1m_update_scan_actions[22m | S02_09_REENTRY_MAINTENANCE_GAME.webp[39m[0m
[  23% ] [90m[1m_update_scan_actions[22m | S02_14_RELAY_ARCHIVE_FIELD_CACHE_CONTINUITY.png[39m[0m
[  23% ] [90m[1m_update_scan_actions[22m | S02_14_RELAY_ARCHIVE_FIELD_CACHE_CONTINUITY.webp[39m[0m
[  24% ] [90m[1m_update_scan_actions[22m | S02_14_RELAY_ARCHIVE_FIELD_CACHE_GAME.png[39m[0m
[  24% ] [90m[1m_update_scan_actions[22m | S02_14_RELAY_ARCHIVE_FIELD_CACHE_GAME.webp[39m[0m
[  24% ] [90m[1m_update_scan_actions[22m | S02_11_RELAY_ARCHIVE_QUARANTINE_CONTINUITY.png[39m[0m
[  24% ] [90m[1m_update_scan_actions[22m | S02_11_RELAY_ARCHIVE_QUARANTINE_CONTINUITY.webp[39m[0m
[  24% ] [90m[1m_update_scan_actions[22m | S02_11_RELAY_ARCHIVE_QUARANTINE_GAME.png[39m[0m
[  24% ] [90m[1m_update_scan_actions[22m | S02_11_RELAY_ARCHIVE_QUARANTINE_GAME.webp[39m[0m
[  24% ] [90m[1m_update_scan_actions[22m | S02_13_SUBLEVEL_RELAY_SERVICE_LIFT_CONTINUITY.png[39m[0m
[  25% ] [90m[1m_update_scan_actions[22m | S02_13_SUBLEVEL_RELAY_SERVICE_LIFT_CONTINUITY.webp[39m[0m
[  25% ] [90m[1m_update_scan_actions[22m | S02_13_SUBLEVEL_RELAY_SERVICE_LIFT_GAME.png[39m[0m
[  25% ] [90m[1m_update_scan_actions[22m | S02_13_SUBLEVEL_RELAY_SERVICE_LIFT_GAME.webp[39m[0m
[  25% ] [90m[1m_update_scan_actions[22m | S02_08_ECHO_RECORDER_CONTINUITY.png[39m[0m
[  25% ] [90m[1m_update_scan_actions[22m | S02_08_ECHO_RECORDER_CONTINUITY.webp[39m[0m
[  25% ] [90m[1m_update_scan_actions[22m | S02_08_ECHO_RECORDER_GAME.png[39m[0m
[  26% ] [90m[1m_update_scan_actions[22m | S02_08_ECHO_RECORDER_GAME.webp[39m[0m
[  26% ] [90m[1m_update_scan_actions[22m | S02_02_FLOODED_MAINTENANCE_CONTINUITY.png[39m[0m
[  26% ] [90m[1m_update_scan_actions[22m | S02_02_FLOODED_MAINTENANCE_CONTINUITY.webp[39m[0m
[  26% ] [90m[1m_update_scan_actions[22m | S02_02_FLOODED_MAINTENANCE_GAME.png[39m[0m
[  26% ] [90m[1m_update_scan_actions[22m | S02_02_FLOODED_MAINTENANCE_GAME.webp[39m[0m
[  26% ] [90m[1m_update_scan_actions[22m | S02_04_QUARANTINE_CROSSING_CONTINUITY.png[39m[0m
[  26% ] [90m[1m_update_scan_actions[22m | S02_04_QUARANTINE_CROSSING_CONTINUITY.webp[39m[0m
[  27% ] [90m[1m_update_scan_actions[22m | S02_04_QUARANTINE_CROSSING_GAME.png[39m[0m
[  27% ] [90m[1m_update_scan_actions[22m | S02_04_QUARANTINE_CROSSING_GAME.webp[39m[0m
[  27% ] [90m[1m_update_scan_actions[22m | S02_03_RELAY_ARCHIVE_CONTINUITY.png[39m[0m
[  27% ] [90m[1m_update_scan_actions[22m | S02_03_RELAY_ARCHIVE_CONTINUITY.webp[39m[0m
[  27% ] [90m[1m_update_scan_actions[22m | S02_03_RELAY_ARCHIVE_GAME.png[39m[0m
[  27% ] [90m[1m_update_scan_actions[22m | S02_03_RELAY_ARCHIVE_GAME.webp[39m[0m
[  28% ] [90m[1m_update_scan_actions[22m | S02_07_RESERVE_FIELD_CACHE_CONTINUITY.png[39m[0m
[  28% ] [90m[1m_update_scan_actions[22m | S02_07_RESERVE_FIELD_CACHE_CONTINUITY.webp[39m[0m
[  28% ] [90m[1m_update_scan_actions[22m | S02_07_RESERVE_FIELD_CACHE_GAME.png[39m[0m
[  28% ] [90m[1m_update_scan_actions[22m | S02_07_RESERVE_FIELD_CACHE_GAME.webp[39m[0m
[  28% ] [90m[1m_update_scan_actions[22m | S02_06_SERVICE_LIFT_CONTINUITY.png[39m[0m
[  28% ] [90m[1m_update_scan_actions[22m | S02_06_SERVICE_LIFT_CONTINUITY.webp[39m[0m
[  28% ] [90m[1m_update_scan_actions[22m | S02_06_SERVICE_LIFT_GAME.png[39m[0m
[  29% ] [90m[1m_update_scan_actions[22m | S02_06_SERVICE_LIFT_GAME.webp[39m[0m
[  29% ] [90m[1m_update_scan_actions[22m | S02_01_SERVICE_REENTRY_CONTINUITY.png[39m[0m
[  29% ] [90m[1m_update_scan_actions[22m | S02_01_SERVICE_REENTRY_CONTINUITY.webp[39m[0m
[  29% ] [90m[1m_update_scan_actions[22m | S02_01_SERVICE_REENTRY_GAME.png[39m[0m
[  29% ] [90m[1m_update_scan_actions[22m | S02_01_SERVICE_REENTRY_GAME.webp[39m[0m
[  29% ] [90m[1m_update_scan_actions[22m | S02_05_SUBLEVEL_RELAY_CONTINUITY.png[39m[0m
[  30% ] [90m[1m_update_scan_actions[22m | S02_05_SUBLEVEL_RELAY_CONTINUITY.webp[39m[0m
[  30% ] [90m[1m_update_scan_actions[22m | S02_05_SUBLEVEL_RELAY_GAME.png[39m[0m
[  30% ] [90m[1m_update_scan_actions[22m | S02_05_SUBLEVEL_RELAY_GAME.webp[39m[0m
[  30% ] [90m[1m_update_scan_actions[22m | S03_05_ANCHOR_REMNANT_CONTINUITY.png[39m[0m
[  30% ] [90m[1m_update_scan_actions[22m | S03_05_ANCHOR_REMNANT_CONTINUITY.webp[39m[0m
[  30% ] [90m[1m_update_scan_actions[22m | S03_05_ANCHOR_REMNANT_GAME.png[39m[0m
[  30% ] [90m[1m_update_scan_actions[22m | S03_05_ANCHOR_REMNANT_GAME.webp[39m[0m
[  31% ] [90m[1m_update_scan_actions[22m | S03_07_BREACHED_ARMORY_CONTINUITY.png[39m[0m
[  31% ] [90m[1m_update_scan_actions[22m | S03_07_BREACHED_ARMORY_CONTINUITY.webp[39m[0m
[  31% ] [90m[1m_update_scan_actions[22m | S03_07_BREACHED_ARMORY_GAME.png[39m[0m
[  31% ] [90m[1m_update_scan_actions[22m | S03_07_BREACHED_ARMORY_GAME.webp[39m[0m
[  31% ] [90m[1m_update_scan_actions[22m | S03_03_CARRIER_TRACE_CONTINUITY.png[39m[0m
[  31% ] [90m[1m_update_scan_actions[22m | S03_03_CARRIER_TRACE_CONTINUITY.webp[39m[0m
[  32% ] [90m[1m_update_scan_actions[22m | S03_03_CARRIER_TRACE_GAME.png[39m[0m
[  32% ] [90m[1m_update_scan_actions[22m | S03_03_CARRIER_TRACE_GAME.webp[39m[0m
[  32% ] [90m[1m_update_scan_actions[22m | S03_04_COLLAPSED_BULKHEAD_CONTINUITY.png[39m[0m
[  32% ] [90m[1m_update_scan_actions[22m | S03_04_COLLAPSED_BULKHEAD_CONTINUITY.webp[39m[0m
[  32% ] [90m[1m_update_scan_actions[22m | S03_04_COLLAPSED_BULKHEAD_GAME.png[39m[0m
[  32% ] [90m[1m_update_scan_actions[22m | S03_04_COLLAPSED_BULKHEAD_GAME.webp[39m[0m
[  32% ] [90m[1m_update_scan_actions[22m | S03_13_ANCHOR_EMERGENCY_SHAFT_CONTINUITY.png[39m[0m
[  33% ] [90m[1m_update_scan_actions[22m | S03_13_ANCHOR_EMERGENCY_SHAFT_CONTINUITY.webp[39m[0m
[  33% ] [90m[1m_update_scan_actions[22m | S03_13_ANCHOR_EMERGENCY_SHAFT_GAME.png[39m[0m
[  33% ] [90m[1m_update_scan_actions[22m | S03_13_ANCHOR_EMERGENCY_SHAFT_GAME.webp[39m[0m
[  33% ] [90m[1m_update_scan_actions[22m | S03_12_BULKHEAD_ANCHOR_REMNANT_CONTINUITY.png[39m[0m
[  33% ] [90m[1m_update_scan_actions[22m | S03_12_BULKHEAD_ANCHOR_REMNANT_CONTINUITY.webp[39m[0m
[  33% ] [90m[1m_update_scan_actions[22m | S03_12_BULKHEAD_ANCHOR_REMNANT_GAME.png[39m[0m
[  34% ] [90m[1m_update_scan_actions[22m | S03_12_BULKHEAD_ANCHOR_REMNANT_GAME.webp[39m[0m
[  34% ] [90m[1m_update_scan_actions[22m | S03_15_BULKHEAD_RESONANCE_CONTINUITY.png[39m[0m
[  34% ] [90m[1m_update_scan_actions[22m | S03_15_BULKHEAD_RESONANCE_CONTINUITY.webp[39m[0m
[  34% ] [90m[1m_update_scan_actions[22m | S03_15_BULKHEAD_RESONANCE_GAME.png[39m[0m
[  34% ] [90m[1m_update_scan_actions[22m | S03_15_BULKHEAD_RESONANCE_GAME.webp[39m[0m
[  34% ] [90m[1m_update_scan_actions[22m | S03_14_CARRIER_TRACE_ARMORY_CONTINUITY.png[39m[0m
[  34% ] [90m[1m_update_scan_actions[22m | S03_14_CARRIER_TRACE_ARMORY_CONTINUITY.webp[39m[0m
[  35% ] [90m[1m_update_scan_actions[22m | S03_14_CARRIER_TRACE_ARMORY_GAME.png[39m[0m
[  35% ] [90m[1m_update_scan_actions[22m | S03_14_CARRIER_TRACE_ARMORY_GAME.webp[39m[0m
[  35% ] [90m[1m_update_scan_actions[22m | S03_11_CARRIER_TRACE_BULKHEAD_CONTINUITY.png[39m[0m
[  35% ] [90m[1m_update_scan_actions[22m | S03_11_CARRIER_TRACE_BULKHEAD_CONTINUITY.webp[39m[0m
[  35% ] [90m[1m_update_scan_actions[22m | S03_11_CARRIER_TRACE_BULKHEAD_GAME.png[39m[0m
[  35% ] [90m[1m_update_scan_actions[22m | S03_11_CARRIER_TRACE_BULKHEAD_GAME.webp[39m[0m
[  36% ] [90m[1m_update_scan_actions[22m | S03_10_DEFENSE_CARRIER_TRACE_CONTINUITY.png[39m[0m
[  36% ] [90m[1m_update_scan_actions[22m | S03_10_DEFENSE_CARRIER_TRACE_CONTINUITY.webp[39m[0m
[  36% ] [90m[1m_update_scan_actions[22m | S03_10_DEFENSE_CARRIER_TRACE_GAME.png[39m[0m
[  36% ] [90m[1m_update_scan_actions[22m | S03_10_DEFENSE_CARRIER_TRACE_GAME.webp[39m[0m
[  36% ] [90m[1m_update_scan_actions[22m | S03_09_PRESSURE_DEFENSE_CONTINUITY.png[39m[0m
[  36% ] [90m[1m_update_scan_actions[22m | S03_09_PRESSURE_DEFENSE_CONTINUITY.webp[39m[0m
[  36% ] [90m[1m_update_scan_actions[22m | S03_09_PRESSURE_DEFENSE_GAME.png[39m[0m
[  37% ] [90m[1m_update_scan_actions[22m | S03_09_PRESSURE_DEFENSE_GAME.webp[39m[0m
[  37% ] [90m[1m_update_scan_actions[22m | S03_06_EMERGENCY_SHAFT_CONTINUITY.png[39m[0m
[  37% ] [90m[1m_update_scan_actions[22m | S03_06_EMERGENCY_SHAFT_CONTINUITY.webp[39m[0m
[  37% ] [90m[1m_update_scan_actions[22m | S03_06_EMERGENCY_SHAFT_GAME.png[39m[0m
[  37% ] [90m[1m_update_scan_actions[22m | S03_06_EMERGENCY_SHAFT_GAME.webp[39m[0m
[  37% ] [90m[1m_update_scan_actions[22m | S03_02_INNER_DEFENSE_LINE_CONTINUITY.png[39m[0m
[  38% ] [90m[1m_update_scan_actions[22m | S03_02_INNER_DEFENSE_LINE_CONTINUITY.webp[39m[0m
[  38% ] [90m[1m_update_scan_actions[22m | S03_02_INNER_DEFENSE_LINE_GAME.png[39m[0m
[  38% ] [90m[1m_update_scan_actions[22m | S03_02_INNER_DEFENSE_LINE_GAME.webp[39m[0m
[  38% ] [90m[1m_update_scan_actions[22m | S03_01_PRESSURE_BREACH_CONTINUITY.png[39m[0m
[  38% ] [90m[1m_update_scan_actions[22m | S03_01_PRESSURE_BREACH_CONTINUITY.webp[39m[0m
[  38% ] [90m[1m_update_scan_actions[22m | S03_01_PRESSURE_BREACH_GAME.png[39m[0m
[  38% ] [90m[1m_update_scan_actions[22m | S03_01_PRESSURE_BREACH_GAME.webp[39m[0m
[  39% ] [90m[1m_update_scan_actions[22m | S03_08_RESONANCE_CHAMBER_CONTINUITY.png[39m[0m
[  39% ] [90m[1m_update_scan_actions[22m | S03_08_RESONANCE_CHAMBER_CONTINUITY.webp[39m[0m
[  39% ] [90m[1m_update_scan_actions[22m | S03_08_RESONANCE_CHAMBER_GAME.png[39m[0m
[  39% ] [90m[1m_update_scan_actions[22m | S03_08_RESONANCE_CHAMBER_GAME.webp[39m[0m
[  39% ] [90m[1m_update_scan_actions[22m | ASTER_FIRE_E_UPPER_V5_ATLAS.webp[39m[0m
[  39% ] [90m[1m_update_scan_actions[22m | ASTER_FIRE_N_UPPER_V5_ATLAS.webp[39m[0m
[  40% ] [90m[1m_update_scan_actions[22m | ASTER_FIRE_NE_UPPER_V5_ATLAS.webp[39m[0m
[  40% ] [90m[1m_update_scan_actions[22m | ASTER_FIRE_NW_UPPER_V5_ATLAS.webp[39m[0m
[  40% ] [90m[1m_update_scan_actions[22m | ASTER_FIRE_S_UPPER_V5_ATLAS.webp[39m[0m
[  40% ] [90m[1m_update_scan_actions[22m | ASTER_FIRE_SE_UPPER_V5_ATLAS.webp[39m[0m
[  40% ] [90m[1m_update_scan_actions[22m | ASTER_FIRE_SW_UPPER_V5_ATLAS.webp[39m[0m
[  40% ] [90m[1m_update_scan_actions[22m | ASTER_FIRE_W_UPPER_V5_ATLAS.webp[39m[0m
[  40% ] [90m[1m_update_scan_actions[22m | ASTER_IDLE_E_LOWER_V5_ATLAS.webp[39m[0m
[  41% ] [90m[1m_update_scan_actions[22m | ASTER_IDLE_N_LOWER_V5_ATLAS.webp[39m[0m
[  41% ] [90m[1m_update_scan_actions[22m | ASTER_IDLE_NE_LOWER_V5_ATLAS.webp[39m[0m
[  41% ] [90m[1m_update_scan_actions[22m | ASTER_IDLE_NW_LOWER_V5_ATLAS.webp[39m[0m
[  41% ] [90m[1m_update_scan_actions[22m | ASTER_IDLE_S_LOWER_V5_ATLAS.webp[39m[0m
[  41% ] [90m[1m_update_scan_actions[22m | ASTER_IDLE_SE_LOWER_V5_ATLAS.webp[39m[0m
[  41% ] [90m[1m_update_scan_actions[22m | ASTER_IDLE_SW_LOWER_V5_ATLAS.webp[39m[0m
[  42% ] [90m[1m_update_scan_actions[22m | ASTER_IDLE_W_LOWER_V5_ATLAS.webp[39m[0m
[  42% ] [90m[1m_update_scan_actions[22m | ASTER_MOVE_E_LOWER_V5_ATLAS.webp[39m[0m
[  42% ] [90m[1m_update_scan_actions[22m | ASTER_MOVE_N_LOWER_V5_ATLAS.webp[39m[0m
[  42% ] [90m[1m_update_scan_actions[22m | ASTER_MOVE_NE_LOWER_V5_ATLAS.webp[39m[0m
[  42% ] [90m[1m_update_scan_actions[22m | ASTER_MOVE_NW_LOWER_V5_ATLAS.webp[39m[0m
[  42% ] [90m[1m_update_scan_actions[22m | ASTER_MOVE_S_LOWER_V5_ATLAS.webp[39m[0m
[  42% ] [90m[1m_update_scan_actions[22m | ASTER_MOVE_SE_LOWER_V5_ATLAS.webp[39m[0m
[  43% ] [90m[1m_update_scan_actions[22m | ASTER_MOVE_SW_LOWER_V5_ATLAS.webp[39m[0m
[  43% ] [90m[1m_update_scan_actions[22m | ASTER_MOVE_W_LOWER_V5_ATLAS.webp[39m[0m
[  43% ] [90m[1m_update_scan_actions[22m | ASTER_FIRE_E_UPPER_V5_ATLAS.webp[39m[0m
[  43% ] [90m[1m_update_scan_actions[22m | ASTER_FIRE_N_UPPER_V5_ATLAS.webp[39m[0m
[  43% ] [90m[1m_update_scan_actions[22m | ASTER_FIRE_NE_UPPER_V5_ATLAS.webp[39m[0m
[  43% ] [90m[1m_update_scan_actions[22m | ASTER_FIRE_NW_UPPER_V5_ATLAS.webp[39m[0m
[  44% ] [90m[1m_update_scan_actions[22m | ASTER_FIRE_S_UPPER_V5_ATLAS.webp[39m[0m
[  44% ] [90m[1m_update_scan_actions[22m | ASTER_FIRE_SE_UPPER_V5_ATLAS.webp[39m[0m
[  44% ] [90m[1m_update_scan_actions[22m | ASTER_FIRE_SW_UPPER_V5_ATLAS.webp[39m[0m
[  44% ] [90m[1m_update_scan_actions[22m | ASTER_FIRE_W_UPPER_V5_ATLAS.webp[39m[0m
[  44% ] [90m[1m_update_scan_actions[22m | ASTER_IDLE_E_LOWER_V5_ATLAS.webp[39m[0m
[  44% ] [90m[1m_update_scan_actions[22m | ASTER_IDLE_N_LOWER_V5_ATLAS.webp[39m[0m
[  44% ] [90m[1m_update_scan_actions[22m | ASTER_IDLE_NE_LOWER_V5_ATLAS.webp[39m[0m
[  45% ] [90m[1m_update_scan_actions[22m | ASTER_IDLE_NW_LOWER_V5_ATLAS.webp[39m[0m
[  45% ] [90m[1m_update_scan_actions[22m | ASTER_IDLE_S_LOWER_V5_ATLAS.webp[39m[0m
[  45% ] [90m[1m_update_scan_actions[22m | ASTER_IDLE_SE_LOWER_V5_ATLAS.webp[39m[0m
[  45% ] [90m[1m_update_scan_actions[22m | ASTER_IDLE_SW_LOWER_V5_ATLAS.webp[39m[0m
[  45% ] [90m[1m_update_scan_actions[22m | ASTER_IDLE_W_LOWER_V5_ATLAS.webp[39m[0m
[  45% ] [90m[1m_update_scan_actions[22m | ASTER_MOVE_E_LOWER_V5_ATLAS.webp[39m[0m
[  46% ] [90m[1m_update_scan_actions[22m | ASTER_MOVE_N_LOWER_V5_ATLAS.webp[39m[0m
[  46% ] [90m[1m_update_scan_actions[22m | ASTER_MOVE_NE_LOWER_V5_ATLAS.webp[39m[0m
[  46% ] [90m[1m_update_scan_actions[22m | ASTER_MOVE_NW_LOWER_V5_ATLAS.webp[39m[0m
[  46% ] [90m[1m_update_scan_actions[22m | ASTER_MOVE_S_LOWER_V5_ATLAS.webp[39m[0m
[  46% ] [90m[1m_update_scan_actions[22m | ASTER_MOVE_SE_LOWER_V5_ATLAS.webp[39m[0m
[  46% ] [90m[1m_update_scan_actions[22m | ASTER_MOVE_SW_LOWER_V5_ATLAS.webp[39m[0m
[  46% ] [90m[1m_update_scan_actions[22m | ASTER_MOVE_W_LOWER_V5_ATLAS.webp[39m[0m
[  47% ] [90m[1m_update_scan_actions[22m | ASTER_FIRE_E_UPPER_V6_ATLAS.webp[39m[0m
[  47% ] [90m[1m_update_scan_actions[22m | ASTER_FIRE_N_UPPER_V6_ATLAS.webp[39m[0m
[  47% ] [90m[1m_update_scan_actions[22m | ASTER_FIRE_NE_UPPER_V6_ATLAS.webp[39m[0m
[  47% ] [90m[1m_update_scan_actions[22m | ASTER_FIRE_NW_UPPER_V6_ATLAS.webp[39m[0m
[  47% ] [90m[1m_update_scan_actions[22m | ASTER_FIRE_S_UPPER_V6_ATLAS.webp[39m[0m
[  47% ] [90m[1m_update_scan_actions[22m | ASTER_FIRE_SE_UPPER_V6_ATLAS.webp[39m[0m
[  48% ] [90m[1m_update_scan_actions[22m | ASTER_FIRE_SW_UPPER_V6_ATLAS.webp[39m[0m
[  48% ] [90m[1m_update_scan_actions[22m | ASTER_FIRE_W_UPPER_V6_ATLAS.webp[39m[0m
[  48% ] [90m[1m_update_scan_actions[22m | ASTER_IDLE_E_LOWER_V6_ATLAS.webp[39m[0m
[  48% ] [90m[1m_update_scan_actions[22m | ASTER_IDLE_N_LOWER_V6_ATLAS.webp[39m[0m
[  48% ] [90m[1m_update_scan_actions[22m | ASTER_IDLE_NE_LOWER_V6_ATLAS.webp[39m[0m
[  48% ] [90m[1m_update_scan_actions[22m | ASTER_IDLE_NW_LOWER_V6_ATLAS.webp[39m[0m
[  48% ] [90m[1m_update_scan_actions[22m | ASTER_IDLE_S_LOWER_V6_ATLAS.webp[39m[0m
[  49% ] [90m[1m_update_scan_actions[22m | ASTER_IDLE_SE_LOWER_V6_ATLAS.webp[39m[0m
[  49% ] [90m[1m_update_scan_actions[22m | ASTER_IDLE_SW_LOWER_V6_ATLAS.webp[39m[0m
[  49% ] [90m[1m_update_scan_actions[22m | ASTER_IDLE_W_LOWER_V6_ATLAS.webp[39m[0m
[  49% ] [90m[1m_update_scan_actions[22m | ASTER_MOVE_E_LOWER_V6_ATLAS.webp[39m[0m
[  49% ] [90m[1m_update_scan_actions[22m | ASTER_MOVE_N_LOWER_V6_ATLAS.webp[39m[0m
[  49% ] [90m[1m_update_scan_actions[22m | ASTER_MOVE_NE_LOWER_V6_ATLAS.webp[39m[0m
[  50% ] [90m[1m_update_scan_actions[22m | ASTER_MOVE_NW_LOWER_V6_ATLAS.webp[39m[0m
[  50% ] [90m[1m_update_scan_actions[22m | ASTER_MOVE_S_LOWER_V6_ATLAS.webp[39m[0m
[  50% ] [90m[1m_update_scan_actions[22m | ASTER_MOVE_SE_LOWER_V6_ATLAS.webp[39m[0m
[  50% ] [90m[1m_update_scan_actions[22m | ASTER_MOVE_SW_LOWER_V6_ATLAS.webp[39m[0m
[  50% ] [90m[1m_update_scan_actions[22m | ASTER_MOVE_W_LOWER_V6_ATLAS.webp[39m[0m
[  50% ] [90m[1m_update_scan_actions[22m | ASTER_FIRE_E_CLEAN_RGBA.webp[39m[0m
[  50% ] [90m[1m_update_scan_actions[22m | ASTER_FIRE_NE_CLEAN_RGBA.webp[39m[0m
[  51% ] [90m[1m_update_scan_actions[22m | ASTER_FIRE_NW_CLEAN_RGBA.webp[39m[0m
[  51% ] [90m[1m_update_scan_actions[22m | ASTER_FIRE_N_CLEAN_RGBA.webp[39m[0m
[  51% ] [90m[1m_update_scan_actions[22m | ASTER_FIRE_SE_CLEAN_RGBA.webp[39m[0m
[  51% ] [90m[1m_update_scan_actions[22m | ASTER_FIRE_SW_CLEAN_RGBA.webp[39m[0m
[  51% ] [90m[1m_update_scan_actions[22m | ASTER_FIRE_S_CLEAN_RGBA.webp[39m[0m
[  51% ] [90m[1m_update_scan_actions[22m | ASTER_FIRE_W_CLEAN_RGBA.webp[39m[0m
[  52% ] [90m[1m_update_scan_actions[22m | ASTER_FIRE_E_CLEAN_V5_RGBA.webp[39m[0m
[  52% ] [90m[1m_update_scan_actions[22m | ASTER_FIRE_NE_CLEAN_V5_RGBA.webp[39m[0m
[  52% ] [90m[1m_update_scan_actions[22m | ASTER_FIRE_NW_CLEAN_V5_RGBA.webp[39m[0m
[  52% ] [90m[1m_update_scan_actions[22m | ASTER_FIRE_N_CLEAN_V5_RGBA.webp[39m[0m
[  52% ] [90m[1m_update_scan_actions[22m | ASTER_FIRE_SE_CLEAN_V5_RGBA.webp[39m[0m
[  52% ] [90m[1m_update_scan_actions[22m | ASTER_FIRE_SW_CLEAN_V5_RGBA.webp[39m[0m
[  52% ] [90m[1m_update_scan_actions[22m | ASTER_FIRE_S_CLEAN_V5_RGBA.webp[39m[0m
[  53% ] [90m[1m_update_scan_actions[22m | ASTER_FIRE_W_CLEAN_V5_RGBA.webp[39m[0m
[  53% ] [90m[1m_update_scan_actions[22m | ASTER_FIRE_E_RGBA.webp[39m[0m
[  53% ] [90m[1m_update_scan_actions[22m | ASTER_FIRE_NE_RGBA.webp[39m[0m
[  53% ] [90m[1m_update_scan_actions[22m | ASTER_FIRE_NW_RGBA.webp[39m[0m
[  53% ] [90m[1m_update_scan_actions[22m | ASTER_FIRE_N_RGBA.webp[39m[0m
[  53% ] [90m[1m_update_scan_actions[22m | ASTER_FIRE_SE_RGBA.webp[39m[0m
[  54% ] [90m[1m_update_scan_actions[22m | ASTER_FIRE_SW_RGBA.webp[39m[0m
[  54% ] [90m[1m_update_scan_actions[22m | ASTER_FIRE_S_RGBA.webp[39m[0m
[  54% ] [90m[1m_update_scan_actions[22m | ASTER_FIRE_W_RGBA.webp[39m[0m
[  54% ] [90m[1m_update_scan_actions[22m | ASTER_FIRE_E_UPPER_16_NO_SHOULDER_V1_ATLAS.png[39m[0m
[  54% ] [90m[1m_update_scan_actions[22m | ASTER_FIRE_ENE_UPPER_16_NO_SHOULDER_V1_ATLAS.png[39m[0m
[  54% ] [90m[1m_update_scan_actions[22m | ASTER_FIRE_ESE_UPPER_16_NO_SHOULDER_V1_ATLAS.png[39m[0m
[  54% ] [90m[1m_update_scan_actions[22m | ASTER_FIRE_N_UPPER_16_NO_SHOULDER_V1_ATLAS.png[39m[0m
[  55% ] [90m[1m_update_scan_actions[22m | ASTER_FIRE_NE_UPPER_16_NO_SHOULDER_V1_ATLAS.png[39m[0m
[  55% ] [90m[1m_update_scan_actions[22m | ASTER_FIRE_NNE_UPPER_16_NO_SHOULDER_V1_ATLAS.png[39m[0m
[  55% ] [90m[1m_update_scan_actions[22m | ASTER_FIRE_NNW_UPPER_16_NO_SHOULDER_V1_ATLAS.png[39m[0m
[  55% ] [90m[1m_update_scan_actions[22m | ASTER_FIRE_NW_UPPER_16_NO_SHOULDER_V1_ATLAS.png[39m[0m
[  55% ] [90m[1m_update_scan_actions[22m | ASTER_FIRE_S_UPPER_16_NO_SHOULDER_V1_ATLAS.png[39m[0m
[  55% ] [90m[1m_update_scan_actions[22m | ASTER_FIRE_SE_UPPER_16_NO_SHOULDER_V1_ATLAS.png[39m[0m
[  56% ] [90m[1m_update_scan_actions[22m | ASTER_FIRE_SSE_UPPER_16_NO_SHOULDER_V1_ATLAS.png[39m[0m
[  56% ] [90m[1m_update_scan_actions[22m | ASTER_FIRE_SSW_UPPER_16_NO_SHOULDER_V1_ATLAS.png[39m[0m
[  56% ] [90m[1m_update_scan_actions[22m | ASTER_FIRE_SW_UPPER_16_NO_SHOULDER_V1_ATLAS.png[39m[0m
[  56% ] [90m[1m_update_scan_actions[22m | ASTER_FIRE_W_UPPER_16_NO_SHOULDER_V1_ATLAS.png[39m[0m
[  56% ] [90m[1m_update_scan_actions[22m | ASTER_FIRE_WNW_UPPER_16_NO_SHOULDER_V1_ATLAS.png[39m[0m
[  56% ] [90m[1m_update_scan_actions[22m | ASTER_FIRE_WSW_UPPER_16_NO_SHOULDER_V1_ATLAS.png[39m[0m
[  56% ] [90m[1m_update_scan_actions[22m | ASTER_FIRE_E_UPPER_16_NO_SHOULDER_V2_ATLAS.png[39m[0m
[  57% ] [90m[1m_update_scan_actions[22m | ASTER_FIRE_ENE_UPPER_16_NO_SHOULDER_V2_ATLAS.png[39m[0m
[  57% ] [90m[1m_update_scan_actions[22m | ASTER_FIRE_ESE_UPPER_16_NO_SHOULDER_V2_ATLAS.png[39m[0m
[  57% ] [90m[1m_update_scan_actions[22m | ASTER_FIRE_N_UPPER_16_NO_SHOULDER_V2_ATLAS.png[39m[0m
[  57% ] [90m[1m_update_scan_actions[22m | ASTER_FIRE_NE_UPPER_16_NO_SHOULDER_V2_ATLAS.png[39m[0m
[  57% ] [90m[1m_update_scan_actions[22m | ASTER_FIRE_NNE_UPPER_16_NO_SHOULDER_V2_ATLAS.png[39m[0m
[  57% ] [90m[1m_update_scan_actions[22m | ASTER_FIRE_NNW_UPPER_16_NO_SHOULDER_V2_ATLAS.png[39m[0m
[  58% ] [90m[1m_update_scan_actions[22m | ASTER_FIRE_NW_UPPER_16_NO_SHOULDER_V2_ATLAS.png[39m[0m
[  58% ] [90m[1m_update_scan_actions[22m | ASTER_FIRE_S_UPPER_16_NO_SHOULDER_V2_ATLAS.png[39m[0m
[  58% ] [90m[1m_update_scan_actions[22m | ASTER_FIRE_SE_UPPER_16_NO_SHOULDER_V2_ATLAS.png[39m[0m
[  58% ] [90m[1m_update_scan_actions[22m | ASTER_FIRE_SSE_UPPER_16_NO_SHOULDER_V2_ATLAS.png[39m[0m
[  58% ] [90m[1m_update_scan_actions[22m | ASTER_FIRE_SSW_UPPER_16_NO_SHOULDER_V2_ATLAS.png[39m[0m
[  58% ] [90m[1m_update_scan_actions[22m | ASTER_FIRE_SW_UPPER_16_NO_SHOULDER_V2_ATLAS.png[39m[0m
[  58% ] [90m[1m_update_scan_actions[22m | ASTER_FIRE_W_UPPER_16_NO_SHOULDER_V2_ATLAS.png[39m[0m
[  59% ] [90m[1m_update_scan_actions[22m | ASTER_FIRE_WNW_UPPER_16_NO_SHOULDER_V2_ATLAS.png[39m[0m
[  59% ] [90m[1m_update_scan_actions[22m | ASTER_FIRE_WSW_UPPER_16_NO_SHOULDER_V2_ATLAS.png[39m[0m
[  59% ] [90m[1m_update_scan_actions[22m | ASTER_IDLE_E_CLEAN_V5_ATLAS.webp[39m[0m
[  59% ] [90m[1m_update_scan_actions[22m | ASTER_IDLE_N_CLEAN_V5_ATLAS.webp[39m[0m
[  59% ] [90m[1m_update_scan_actions[22m | ASTER_IDLE_NE_CLEAN_V5_ATLAS.webp[39m[0m
[  59% ] [90m[1m_update_scan_actions[22m | ASTER_IDLE_NW_CLEAN_V5_ATLAS.webp[39m[0m
[  60% ] [90m[1m_update_scan_actions[22m | ASTER_IDLE_S_CLEAN_V5_ATLAS.webp[39m[0m
[  60% ] [90m[1m_update_scan_actions[22m | ASTER_IDLE_SE_CLEAN_V5_ATLAS.webp[39m[0m
[  60% ] [90m[1m_update_scan_actions[22m | ASTER_IDLE_SW_CLEAN_V5_ATLAS.webp[39m[0m
[  60% ] [90m[1m_update_scan_actions[22m | ASTER_IDLE_W_CLEAN_V5_ATLAS.webp[39m[0m
[  60% ] [90m[1m_update_scan_actions[22m | ASTER_IDLE_E_CLEAN_V6_ATLAS.webp[39m[0m
[  60% ] [90m[1m_update_scan_actions[22m | ASTER_IDLE_N_CLEAN_V6_ATLAS.webp[39m[0m
[  60% ] [90m[1m_update_scan_actions[22m | ASTER_IDLE_NE_CLEAN_V6_ATLAS.webp[39m[0m
[  61% ] [90m[1m_update_scan_actions[22m | ASTER_IDLE_NW_CLEAN_V6_ATLAS.webp[39m[0m
[  61% ] [90m[1m_update_scan_actions[22m | ASTER_IDLE_S_CLEAN_V6_ATLAS.webp[39m[0m
[  61% ] [90m[1m_update_scan_actions[22m | ASTER_IDLE_SE_CLEAN_V6_ATLAS.webp[39m[0m
[  61% ] [90m[1m_update_scan_actions[22m | ASTER_IDLE_SW_CLEAN_V6_ATLAS.webp[39m[0m
[  61% ] [90m[1m_update_scan_actions[22m | ASTER_IDLE_W_CLEAN_V6_ATLAS.webp[39m[0m
[  61% ] [90m[1m_update_scan_actions[22m | ASTER_IDLE_360_CLEAN_V6_CONTACT.png[39m[0m
[  62% ] [90m[1m_update_scan_actions[22m | ASTER_IDLE_E_360_MVP_ATLAS.webp[39m[0m
[  62% ] [90m[1m_update_scan_actions[22m | ASTER_IDLE_NE_360_MVP_ATLAS.webp[39m[0m
[  62% ] [90m[1m_update_scan_actions[22m | ASTER_IDLE_NW_360_MVP_ATLAS.webp[39m[0m
[  62% ] [90m[1m_update_scan_actions[22m | ASTER_IDLE_N_360_MVP_ATLAS.webp[39m[0m
[  62% ] [90m[1m_update_scan_actions[22m | ASTER_IDLE_SE_360_MVP_ATLAS.webp[39m[0m
[  62% ] [90m[1m_update_scan_actions[22m | ASTER_IDLE_SW_360_MVP_ATLAS.webp[39m[0m
[  62% ] [90m[1m_update_scan_actions[22m | ASTER_IDLE_S_360_MVP_ATLAS.webp[39m[0m
[  63% ] [90m[1m_update_scan_actions[22m | ASTER_IDLE_W_360_MVP_ATLAS.webp[39m[0m
[  63% ] [90m[1m_update_scan_actions[22m | ASTER_MOVE_E_360_MVP_ATLAS.webp[39m[0m
[  63% ] [90m[1m_update_scan_actions[22m | ASTER_MOVE_NE_360_MVP_ATLAS.webp[39m[0m
[  63% ] [90m[1m_update_scan_actions[22m | ASTER_MOVE_NW_360_MVP_ATLAS.webp[39m[0m
[  63% ] [90m[1m_update_scan_actions[22m | ASTER_MOVE_N_360_MVP_ATLAS.webp[39m[0m
[  63% ] [90m[1m_update_scan_actions[22m | ASTER_MOVE_SE_360_MVP_ATLAS.webp[39m[0m
[  64% ] [90m[1m_update_scan_actions[22m | ASTER_MOVE_SW_360_MVP_ATLAS.webp[39m[0m
[  64% ] [90m[1m_update_scan_actions[22m | ASTER_MOVE_S_360_MVP_ATLAS.webp[39m[0m
[  64% ] [90m[1m_update_scan_actions[22m | ASTER_MOVE_W_360_MVP_ATLAS.webp[39m[0m
[  64% ] [90m[1m_update_scan_actions[22m | ASTER_MOVE_N_360_INTERPOLATED_V3_ATLAS.webp[39m[0m
[  64% ] [90m[1m_update_scan_actions[22m | ASTER_MOVE_NE_360_INTERPOLATED_V3_ATLAS.webp[39m[0m
[  64% ] [90m[1m_update_scan_actions[22m | ASTER_MOVE_NW_360_INTERPOLATED_V3_ATLAS.webp[39m[0m
[  64% ] [90m[1m_update_scan_actions[22m | ASTER_MOVE_S_360_INTERPOLATED_V3_ATLAS.webp[39m[0m
[  65% ] [90m[1m_update_scan_actions[22m | ASTER_MOVE_SE_360_INTERPOLATED_V3_ATLAS.webp[39m[0m
[  65% ] [90m[1m_update_scan_actions[22m | ASTER_MOVE_SW_360_INTERPOLATED_V3_ATLAS.webp[39m[0m
[  65% ] [90m[1m_update_scan_actions[22m | ASTER_MOVE_W_360_INTERPOLATED_V3_ATLAS.webp[39m[0m
[  65% ] [90m[1m_update_scan_actions[22m | ASTER_MOVE_E_360_INTERPOLATED_V4_ATLAS.webp[39m[0m
[  65% ] [90m[1m_update_scan_actions[22m | ASTER_MOVE_N_360_INTERPOLATED_V4_ATLAS.webp[39m[0m
[  65% ] [90m[1m_update_scan_actions[22m | ASTER_MOVE_NE_360_INTERPOLATED_V4_ATLAS.webp[39m[0m
[  66% ] [90m[1m_update_scan_actions[22m | ASTER_MOVE_NW_360_INTERPOLATED_V4_ATLAS.webp[39m[0m
[  66% ] [90m[1m_update_scan_actions[22m | ASTER_MOVE_S_360_INTERPOLATED_V4_ATLAS.webp[39m[0m
[  66% ] [90m[1m_update_scan_actions[22m | ASTER_MOVE_SE_360_INTERPOLATED_V4_ATLAS.webp[39m[0m
[  66% ] [90m[1m_update_scan_actions[22m | ASTER_MOVE_SW_360_INTERPOLATED_V4_ATLAS.webp[39m[0m
[  66% ] [90m[1m_update_scan_actions[22m | ASTER_MOVE_W_360_INTERPOLATED_V4_ATLAS.webp[39m[0m
[  66% ] [90m[1m_update_scan_actions[22m | ASTER_MOVE_E_360_UAL_V5_ATLAS.webp[39m[0m
[  66% ] [90m[1m_update_scan_actions[22m | ASTER_MOVE_N_360_UAL_V5_ATLAS.webp[39m[0m
[  67% ] [90m[1m_update_scan_actions[22m | ASTER_MOVE_NE_360_UAL_V5_ATLAS.webp[39m[0m
[  67% ] [90m[1m_update_scan_actions[22m | ASTER_MOVE_NW_360_UAL_V5_ATLAS.webp[39m[0m
[  67% ] [90m[1m_update_scan_actions[22m | ASTER_MOVE_S_360_UAL_V5_ATLAS.webp[39m[0m
[  67% ] [90m[1m_update_scan_actions[22m | ASTER_MOVE_SE_360_UAL_V5_ATLAS.webp[39m[0m
[  67% ] [90m[1m_update_scan_actions[22m | ASTER_MOVE_SW_360_UAL_V5_ATLAS.webp[39m[0m
[  67% ] [90m[1m_update_scan_actions[22m | ASTER_MOVE_W_360_UAL_V5_ATLAS.webp[39m[0m
[  68% ] [90m[1m_update_scan_actions[22m | ASTER_MOVE_E_360_UAL_V6_ATLAS.webp[39m[0m
[  68% ] [90m[1m_update_scan_actions[22m | ASTER_MOVE_N_360_UAL_V6_ATLAS.webp[39m[0m
[  68% ] [90m[1m_update_scan_actions[22m | ASTER_MOVE_NE_360_UAL_V6_ATLAS.webp[39m[0m
[  68% ] [90m[1m_update_scan_actions[22m | ASTER_MOVE_NW_360_UAL_V6_ATLAS.webp[39m[0m
[  68% ] [90m[1m_update_scan_actions[22m | ASTER_MOVE_S_360_UAL_V6_ATLAS.webp[39m[0m
[  68% ] [90m[1m_update_scan_actions[22m | ASTER_MOVE_SE_360_UAL_V6_ATLAS.webp[39m[0m
[  68% ] [90m[1m_update_scan_actions[22m | ASTER_MOVE_SW_360_UAL_V6_ATLAS.webp[39m[0m
[  69% ] [90m[1m_update_scan_actions[22m | ASTER_MOVE_W_360_UAL_V6_ATLAS.webp[39m[0m
[  69% ] [90m[1m_update_scan_actions[22m | ASTER_MOVE_E_360_UAL_V6_ATLAS.webp[39m[0m
[  69% ] [90m[1m_update_scan_actions[22m | ASTER_MOVE_N_360_UAL_V6_ATLAS.webp[39m[0m
[  69% ] [90m[1m_update_scan_actions[22m | ASTER_MOVE_NE_360_UAL_V6_ATLAS.webp[39m[0m
[  69% ] [90m[1m_update_scan_actions[22m | ASTER_MOVE_NW_360_UAL_V6_ATLAS.webp[39m[0m
[  69% ] [90m[1m_update_scan_actions[22m | ASTER_MOVE_S_360_UAL_V6_ATLAS.webp[39m[0m
[  70% ] [90m[1m_update_scan_actions[22m | ASTER_MOVE_SE_360_UAL_V6_ATLAS.webp[39m[0m
[  70% ] [90m[1m_update_scan_actions[22m | ASTER_MOVE_SW_360_UAL_V6_ATLAS.webp[39m[0m
[  70% ] [90m[1m_update_scan_actions[22m | ASTER_MOVE_W_360_UAL_V6_ATLAS.webp[39m[0m
[  70% ] [90m[1m_update_scan_actions[22m | ASTER_MOVE_E_360_MVP_ATLAS.webp[39m[0m
[  70% ] [90m[1m_update_scan_actions[22m | ASTER_MOVE_E_360_MVP_ATLAS.webp[39m[0m
[  70% ] [90m[1m_update_scan_actions[22m | ASTER_STATIC_MASTER_PRE_GATE_RGBA.png[39m[0m
[  70% ] [90m[1m_update_scan_actions[22m | ASTER_TORSO_BRIDGE_E_V1_ATLAS.webp[39m[0m
[  71% ] [90m[1m_update_scan_actions[22m | ASTER_TORSO_BRIDGE_N_V1_ATLAS.webp[39m[0m
[  71% ] [90m[1m_update_scan_actions[22m | ASTER_TORSO_BRIDGE_NE_V1_ATLAS.webp[39m[0m
[  71% ] [90m[1m_update_scan_actions[22m | ASTER_TORSO_BRIDGE_NW_V1_ATLAS.webp[39m[0m
[  71% ] [90m[1m_update_scan_actions[22m | ASTER_TORSO_BRIDGE_S_V1_ATLAS.webp[39m[0m
[  71% ] [90m[1m_update_scan_actions[22m | ASTER_TORSO_BRIDGE_SE_V1_ATLAS.webp[39m[0m
[  71% ] [90m[1m_update_scan_actions[22m | ASTER_TORSO_BRIDGE_SW_V1_ATLAS.webp[39m[0m
[  72% ] [90m[1m_update_scan_actions[22m | ASTER_TORSO_BRIDGE_W_V1_ATLAS.webp[39m[0m
[  72% ] [90m[1m_update_scan_actions[22m | ASTER_COIL_IMPACT_V1_RGBA.webp[39m[0m
[  72% ] [90m[1m_update_scan_actions[22m | ASTER_COIL_IMPACT_V2_ATLAS_RGBA.webp[39m[0m
[  72% ] [90m[1m_update_scan_actions[22m | ASTER_COIL_PROJECTILE_V5_RGBA.webp[39m[0m
[  72% ] [90m[1m_update_scan_actions[22m | ASTER_COIL_PROJECTILE_V6_RGBA.webp[39m[0m
[  72% ] [90m[1m_update_scan_actions[22m | ASTER_MUZZLE_FLASH_E_V1_RGBA.webp[39m[0m
[  72% ] [90m[1m_update_scan_actions[22m | ASTER_MUZZLE_FLASH_E_V2_RGBA.webp[39m[0m
[  73% ] [90m[1m_update_scan_actions[22m | ASTER_WALK_E_IMAGEGEN_V7_ATLAS.png[39m[0m
[  73% ] [90m[1m_update_scan_actions[22m | ASTER_WALK_E_IMAGEGEN_V7_ATLAS.webp[39m[0m
[  73% ] [90m[1m_update_scan_actions[22m | ASTER_WALK_NE_IMAGEGEN_V7_ATLAS.png[39m[0m
[  73% ] [90m[1m_update_scan_actions[22m | ASTER_WALK_NE_IMAGEGEN_V7_ATLAS.webp[39m[0m
[  73% ] [90m[1m_update_scan_actions[22m | ASTER_WALK_NW_IMAGEGEN_V7_ATLAS.png[39m[0m
[  73% ] [90m[1m_update_scan_actions[22m | ASTER_WALK_NW_IMAGEGEN_V7_ATLAS.webp[39m[0m
[  74% ] [90m[1m_update_scan_actions[22m | ASTER_WALK_N_IMAGEGEN_V7_ATLAS.png[39m[0m
[  74% ] [90m[1m_update_scan_actions[22m | ASTER_WALK_N_IMAGEGEN_V7_ATLAS.webp[39m[0m
[  74% ] [90m[1m_update_scan_actions[22m | ASTER_WALK_SE_IMAGEGEN_V7_ATLAS.png[39m[0m
[  74% ] [90m[1m_update_scan_actions[22m | ASTER_WALK_SE_IMAGEGEN_V7_ATLAS.webp[39m[0m
[  74% ] [90m[1m_update_scan_actions[22m | ASTER_WALK_SW_IMAGEGEN_V7_ATLAS.png[39m[0m
[  74% ] [90m[1m_update_scan_actions[22m | ASTER_WALK_SW_IMAGEGEN_V7_ATLAS.webp[39m[0m
[  74% ] [90m[1m_update_scan_actions[22m | ASTER_WALK_S_IMAGEGEN_V7_ATLAS.png[39m[0m
[  75% ] [90m[1m_update_scan_actions[22m | ASTER_WALK_S_IMAGEGEN_V7_ATLAS.webp[39m[0m
[  75% ] [90m[1m_update_scan_actions[22m | ASTER_WALK_W_IMAGEGEN_V7_ATLAS.png[39m[0m
[  75% ] [90m[1m_update_scan_actions[22m | ASTER_WALK_W_IMAGEGEN_V7_ATLAS.webp[39m[0m
[  75% ] [90m[1m_update_scan_actions[22m | fire.png[39m[0m
[  75% ] [90m[1m_update_scan_actions[22m | idle.png[39m[0m
[  75% ] [90m[1m_update_scan_actions[22m | move.png[39m[0m
[  76% ] [90m[1m_update_scan_actions[22m | fire.png[39m[0m
[  76% ] [90m[1m_update_scan_actions[22m | idle.png[39m[0m
[  76% ] [90m[1m_update_scan_actions[22m | move.png[39m[0m
[  76% ] [90m[1m_update_scan_actions[22m | fire.png[39m[0m
[  76% ] [90m[1m_update_scan_actions[22m | idle.png[39m[0m
[  76% ] [90m[1m_update_scan_actions[22m | move.png[39m[0m
[  76% ] [90m[1m_update_scan_actions[22m | fire.png[39m[0m
[  77% ] [90m[1m_update_scan_actions[22m | idle.png[39m[0m
[  77% ] [90m[1m_update_scan_actions[22m | move.png[39m[0m
[  77% ] [90m[1m_update_scan_actions[22m | fire.png[39m[0m
[  77% ] [90m[1m_update_scan_actions[22m | idle.png[39m[0m
[  77% ] [90m[1m_update_scan_actions[22m | move.png[39m[0m
[  77% ] [90m[1m_update_scan_actions[22m | fire.png[39m[0m
[  78% ] [90m[1m_update_scan_actions[22m | idle.png[39m[0m
[  78% ] [90m[1m_update_scan_actions[22m | move.png[39m[0m
[  78% ] [90m[1m_update_scan_actions[22m | fire.png[39m[0m
[  78% ] [90m[1m_update_scan_actions[22m | idle.png[39m[0m
[  78% ] [90m[1m_update_scan_actions[22m | move.png[39m[0m
[  78% ] [90m[1m_update_scan_actions[22m | fire.png[39m[0m
[  78% ] [90m[1m_update_scan_actions[22m | idle.png[39m[0m
[  79% ] [90m[1m_update_scan_actions[22m | move.png[39m[0m
[  79% ] [90m[1m_update_scan_actions[22m | FAST_RUNTIME_CONTACT_1920X1080.png[39m[0m
[  79% ] [90m[1m_update_scan_actions[22m | fire.png[39m[0m
[  79% ] [90m[1m_update_scan_actions[22m | idle.png[39m[0m
[  79% ] [90m[1m_update_scan_actions[22m | move.png[39m[0m
[  79% ] [90m[1m_update_scan_actions[22m | fire.png[39m[0m
[  80% ] [90m[1m_update_scan_actions[22m | idle.png[39m[0m
[  80% ] [90m[1m_update_scan_actions[22m | move.png[39m[0m
[  80% ] [90m[1m_update_scan_actions[22m | fire.png[39m[0m
[  80% ] [90m[1m_update_scan_actions[22m | idle.png[39m[0m
[  80% ] [90m[1m_update_scan_actions[22m | move.png[39m[0m
[  80% ] [90m[1m_update_scan_actions[22m | fire.png[39m[0m
[  80% ] [90m[1m_update_scan_actions[22m | idle.png[39m[0m
[  81% ] [90m[1m_update_scan_actions[22m | move.png[39m[0m
[  81% ] [90m[1m_update_scan_actions[22m | fire.png[39m[0m
[  81% ] [90m[1m_update_scan_actions[22m | idle.png[39m[0m
[  81% ] [90m[1m_update_scan_actions[22m | move.png[39m[0m
[  81% ] [90m[1m_update_scan_actions[22m | fire.png[39m[0m
[  81% ] [90m[1m_update_scan_actions[22m | idle.png[39m[0m
[  82% ] [90m[1m_update_scan_actions[22m | move.png[39m[0m
[  82% ] [90m[1m_update_scan_actions[22m | fire.png[39m[0m
[  82% ] [90m[1m_update_scan_actions[22m | idle.png[39m[0m
[  82% ] [90m[1m_update_scan_actions[22m | move.png[39m[0m
[  82% ] [90m[1m_update_scan_actions[22m | fire.png[39m[0m
[  82% ] [90m[1m_update_scan_actions[22m | idle.png[39m[0m
[  82% ] [90m[1m_update_scan_actions[22m | move.png[39m[0m
[  83% ] [90m[1m_update_scan_actions[22m | FAST_RUNTIME_CONTACT_1920X1080.png[39m[0m
[  83% ] [90m[1m_update_scan_actions[22m | E_idle.web.webp[39m[0m
[  83% ] [90m[1m_update_scan_actions[22m | E_idle.webp[39m[0m
[  83% ] [90m[1m_update_scan_actions[22m | E_walk.web.webp[39m[0m
[  83% ] [90m[1m_update_scan_actions[22m | E_walk.webp[39m[0m
[  83% ] [90m[1m_update_scan_actions[22m | NE_idle.web.webp[39m[0m
[  84% ] [90m[1m_update_scan_actions[22m | NE_idle.webp[39m[0m
[  84% ] [90m[1m_update_scan_actions[22m | NE_walk.web.webp[39m[0m
[  84% ] [90m[1m_update_scan_actions[22m | NE_walk.webp[39m[0m
[  84% ] [90m[1m_update_scan_actions[22m | NW_idle.web.webp[39m[0m
[  84% ] [90m[1m_update_scan_actions[22m | NW_idle.webp[39m[0m
[  84% ] [90m[1m_update_scan_actions[22m | NW_walk.web.webp[39m[0m
[  84% ] [90m[1m_update_scan_actions[22m | NW_walk.webp[39m[0m
[  85% ] [90m[1m_update_scan_actions[22m | N_idle.web.webp[39m[0m
[  85% ] [90m[1m_update_scan_actions[22m | N_idle.webp[39m[0m
[  85% ] [90m[1m_update_scan_actions[22m | N_walk.web.webp[39m[0m
[  85% ] [90m[1m_update_scan_actions[22m | N_walk.webp[39m[0m
[  85% ] [90m[1m_update_scan_actions[22m | portrait.png[39m[0m
[  85% ] [90m[1m_update_scan_actions[22m | SE_idle.web.webp[39m[0m
[  86% ] [90m[1m_update_scan_actions[22m | SE_idle.webp[39m[0m
[  86% ] [90m[1m_update_scan_actions[22m | SE_walk.web.webp[39m[0m
[  86% ] [90m[1m_update_scan_actions[22m | SE_walk.webp[39m[0m
[  86% ] [90m[1m_update_scan_actions[22m | SW_idle.web.webp[39m[0m
[  86% ] [90m[1m_update_scan_actions[22m | SW_idle.webp[39m[0m
[  86% ] [90m[1m_update_scan_actions[22m | SW_walk.web.webp[39m[0m
[  86% ] [90m[1m_update_scan_actions[22m | SW_walk.webp[39m[0m
[  87% ] [90m[1m_update_scan_actions[22m | S_idle.web.webp[39m[0m
[  87% ] [90m[1m_update_scan_actions[22m | S_idle.webp[39m[0m
[  87% ] [90m[1m_update_scan_actions[22m | S_walk.web.webp[39m[0m
[  87% ] [90m[1m_update_scan_actions[22m | S_walk.webp[39m[0m
[  87% ] [90m[1m_update_scan_actions[22m | W_idle.web.webp[39m[0m
[  87% ] [90m[1m_update_scan_actions[22m | W_idle.webp[39m[0m
[  88% ] [90m[1m_update_scan_actions[22m | W_walk.web.webp[39m[0m
[  88% ] [90m[1m_update_scan_actions[22m | W_walk.webp[39m[0m
[  88% ] [90m[1m_update_scan_actions[22m | E_idle.web.webp[39m[0m
[  88% ] [90m[1m_update_scan_actions[22m | E_idle.webp[39m[0m
[  88% ] [90m[1m_update_scan_actions[22m | E_walk.web.webp[39m[0m
[  88% ] [90m[1m_update_scan_actions[22m | E_walk.webp[39m[0m
[  88% ] [90m[1m_update_scan_actions[22m | NE_idle.web.webp[39m[0m
[  89% ] [90m[1m_update_scan_actions[22m | NE_idle.webp[39m[0m
[  89% ] [90m[1m_update_scan_actions[22m | NE_walk.web.webp[39m[0m
[  89% ] [90m[1m_update_scan_actions[22m | NE_walk.webp[39m[0m
[  89% ] [90m[1m_update_scan_actions[22m | NW_idle.web.webp[39m[0m
[  89% ] [90m[1m_update_scan_actions[22m | NW_idle.webp[39m[0m
[  89% ] [90m[1m_update_scan_actions[22m | NW_walk.web.webp[39m[0m
[  90% ] [90m[1m_update_scan_actions[22m | NW_walk.webp[39m[0m
[  90% ] [90m[1m_update_scan_actions[22m | N_idle.web.webp[39m[0m
[  90% ] [90m[1m_update_scan_actions[22m | N_idle.webp[39m[0m
[  90% ] [90m[1m_update_scan_actions[22m | N_walk.web.webp[39m[0m
[  90% ] [90m[1m_update_scan_actions[22m | N_walk.webp[39m[0m
[  90% ] [90m[1m_update_scan_actions[22m | portrait.png[39m[0m
[  90% ] [90m[1m_update_scan_actions[22m | SE_idle.web.webp[39m[0m
[  91% ] [90m[1m_update_scan_actions[22m | SE_idle.webp[39m[0m
[  91% ] [90m[1m_update_scan_actions[22m | SE_walk.web.webp[39m[0m
[  91% ] [90m[1m_update_scan_actions[22m | SE_walk.webp[39m[0m
[  91% ] [90m[1m_update_scan_actions[22m | SW_idle.web.webp[39m[0m
[  91% ] [90m[1m_update_scan_actions[22m | SW_idle.webp[39m[0m
[  91% ] [90m[1m_update_scan_actions[22m | SW_walk.web.webp[39m[0m
[  92% ] [90m[1m_update_scan_actions[22m | SW_walk.webp[39m[0m
[  92% ] [90m[1m_update_scan_actions[22m | S_idle.web.webp[39m[0m
[  92% ] [90m[1m_update_scan_actions[22m | S_idle.webp[39m[0m
[  92% ] [90m[1m_update_scan_actions[22m | S_walk.web.webp[39m[0m
[  92% ] [90m[1m_update_scan_actions[22m | S_walk.webp[39m[0m
[  92% ] [90m[1m_update_scan_actions[22m | W_idle.web.webp[39m[0m
[  92% ] [90m[1m_update_scan_actions[22m | W_idle.webp[39m[0m
[  93% ] [90m[1m_update_scan_actions[22m | W_walk.web.webp[39m[0m
[  93% ] [90m[1m_update_scan_actions[22m | W_walk.webp[39m[0m
[  93% ] [90m[1m_update_scan_actions[22m | E_idle.web.webp[39m[0m
[  93% ] [90m[1m_update_scan_actions[22m | E_idle.webp[39m[0m
[  93% ] [90m[1m_update_scan_actions[22m | E_walk.web.webp[39m[0m
[  93% ] [90m[1m_update_scan_actions[22m | E_walk.webp[39m[0m
[  94% ] [90m[1m_update_scan_actions[22m | NE_idle.web.webp[39m[0m
[  94% ] [90m[1m_update_scan_actions[22m | NE_idle.webp[39m[0m
[  94% ] [90m[1m_update_scan_actions[22m | NE_walk.web.webp[39m[0m
[  94% ] [90m[1m_update_scan_actions[22m | NE_walk.webp[39m[0m
[  94% ] [90m[1m_update_scan_actions[22m | NW_idle.web.webp[39m[0m
[  94% ] [90m[1m_update_scan_actions[22m | NW_idle.webp[39m[0m
[  94% ] [90m[1m_update_scan_actions[22m | NW_walk.web.webp[39m[0m
[  95% ] [90m[1m_update_scan_actions[22m | NW_walk.webp[39m[0m
[  95% ] [90m[1m_update_scan_actions[22m | N_idle.web.webp[39m[0m
[  95% ] [90m[1m_update_scan_actions[22m | N_idle.webp[39m[0m
[  95% ] [90m[1m_update_scan_actions[22m | N_walk.web.webp[39m[0m
[  95% ] [90m[1m_update_scan_actions[22m | N_walk.webp[39m[0m
[  95% ] [90m[1m_update_scan_actions[22m | portrait.png[39m[0m
[  96% ] [90m[1m_update_scan_actions[22m | SE_idle.web.webp[39m[0m
[  96% ] [90m[1m_update_scan_actions[22m | SE_idle.webp[39m[0m
[  96% ] [90m[1m_update_scan_actions[22m | SE_walk.web.webp[39m[0m
[  96% ] [90m[1m_update_scan_actions[22m | SE_walk.webp[39m[0m
[  96% ] [90m[1m_update_scan_actions[22m | SW_idle.web.webp[39m[0m
[  96% ] [90m[1m_update_scan_actions[22m | SW_idle.webp[39m[0m
[  96% ] [90m[1m_update_scan_actions[22m | SW_walk.web.webp[39m[0m
[  97% ] [90m[1m_update_scan_actions[22m | SW_walk.webp[39m[0m
[  97% ] [90m[1m_update_scan_actions[22m | S_idle.web.webp[39m[0m
[  97% ] [90m[1m_update_scan_actions[22m | S_idle.webp[39m[0m
[  97% ] [90m[1m_update_scan_actions[22m | S_walk.web.webp[39m[0m
[  97% ] [90m[1m_update_scan_actions[22m | S_walk.webp[39m[0m
[  97% ] [90m[1m_update_scan_actions[22m | W_idle.web.webp[39m[0m
[  98% ] [90m[1m_update_scan_actions[22m | W_idle.webp[39m[0m
[  98% ] [90m[1m_update_scan_actions[22m | W_walk.web.webp[39m[0m
[  98% ] [90m[1m_update_scan_actions[22m | W_walk.webp[39m[0m
[  98% ] [90m[1m_update_scan_actions[22m | base.mp3[39m[0m
[  98% ] [90m[1m_update_scan_actions[22m | boss.mp3[39m[0m
[  98% ] [90m[1m_update_scan_actions[22m | results.mp3[39m[0m
[  98% ] [90m[1m_update_scan_actions[22m | stage1.mp3[39m[0m
[  99% ] [90m[1m_update_scan_actions[22m | stage2.mp3[39m[0m
[  99% ] [90m[1m_update_scan_actions[22m | stage3.mp3[39m[0m
[  99% ] [90m[1m_update_scan_actions[22m | stage4.mp3[39m[0m
[  99% ] [90m[1m_update_scan_actions[22m | stage5.mp3[39m[0m
[  99% ] [90m[1m_update_scan_actions[22m | title.mp3[39m[0m
[92m[ DONE ][39m [1m_update_scan_actions[22m
[0m
[   0% ] [90m[1msavepack[22m | Started 패킹 중 (102 steps)[39m[0m
[   1% ] [90m[1msavepack[22m | 파일 저장 중: res://assets/audio/combat_r04/aster_fire_v01.res[39m[0m
[   1% ] [90m[1msavepack[22m | 파일 저장 중: res://assets/audio/combat_r04/aster_fire_v04.res[39m[0m
[   1% ] [90m[1msavepack[22m | 파일 저장 중: res://assets/audio/combat_r04/bank.gd[39m[0m
[   1% ] [90m[1msavepack[22m | 파일 저장 중: res://assets/audio/combat_r04/boss_core_hit_v03.res[39m[0m
[   1% ] [90m[1msavepack[22m | 파일 저장 중: res://assets/audio/combat_r04/boss_core_hit_v04.res[39m[0m
[   1% ] [90m[1msavepack[22m | 파일 저장 중: res://assets/audio/combat_r04/boss_cross_beam_v01.res[39m[0m
[   2% ] [90m[1msavepack[22m | 파일 저장 중: res://assets/audio/combat_r04/boss_cross_beam_v03.res[39m[0m
[   2% ] [90m[1msavepack[22m | 파일 저장 중: res://assets/audio/combat_r04/boss_destroy_v02.res[39m[0m
[   2% ] [90m[1msavepack[22m | 파일 저장 중: res://assets/audio/combat_r04/boss_destroy_v04.res[39m[0m
[   2% ] [90m[1msavepack[22m | 파일 저장 중: res://assets/audio/combat_r04/boss_stomp_v01.res[39m[0m
[   2% ] [90m[1msavepack[22m | 파일 저장 중: res://assets/audio/combat_r04/boss_stomp_v03.res[39m[0m
[   3% ] [90m[1msavepack[22m | 파일 저장 중: res://assets/audio/combat_r04/enemy_fire_v03.res[39m[0m
[   3% ] [90m[1msavepack[22m | 파일 저장 중: res://assets/audio/combat_r04/enemy_fire_v04.res[39m[0m
[   3% ] [90m[1msavepack[22m | 파일 저장 중: res://assets/audio/combat_r04/impact_steel_heavy_v02.res[39m[0m
[   3% ] [90m[1msavepack[22m | 파일 저장 중: res://assets/audio/combat_r04/impact_steel_heavy_v03.res[39m[0m
[   3% ] [90m[1msavepack[22m | 파일 저장 중: res://assets/audio/combat_r04/impact_steel_light_v03.res[39m[0m
[   4% ] [90m[1msavepack[22m | 파일 저장 중: res://assets/audio/combat_r04/impact_steel_light_v04.res[39m[0m
[   4% ] [90m[1msavepack[22m | 파일 저장 중: res://assets/audio/combat_r04/mica_fire_v02.res[39m[0m
[   4% ] [90m[1msavepack[22m | 파일 저장 중: res://assets/audio/combat_r04/mica_fire_v03.res[39m[0m
[   4% ] [90m[1msavepack[22m | 파일 저장 중: res://assets/audio/combat_r04/robot_hit_v01.res[39m[0m
[   4% ] [90m[1msavepack[22m | 파일 저장 중: res://assets/audio/combat_r04/robot_hit_v03.res[39m[0m
[   5% ] [90m[1msavepack[22m | 파일 저장 중: res://assets/audio/combat_r04/rook_fire_v02.res[39m[0m
[   5% ] [90m[1msavepack[22m | 파일 저장 중: res://assets/audio/combat_r04/rook_fire_v03.res[39m[0m
[   5% ] [90m[1msavepack[22m | 파일 저장 중: res://assets/audio/combat_r04/turret_fire_v01.res[39m[0m
[   5% ] [90m[1msavepack[22m | 파일 저장 중: res://assets/audio/combat_r04/turret_fire_v02.res[39m[0m
[   5% ] [90m[1msavepack[22m | 파일 저장 중: res://.godot/imported/aster_detail_overlay.svg-3ceef9ae6dda8915c1385223eb263344.ctex[39m[0m
[   5% ] [90m[1msavepack[22m | 파일 저장 중: res://assets/characters/playable/aster/aster_detail_overlay.svg.import[39m[0m
[   6% ] [90m[1msavepack[22m | 파일 저장 중: res://.godot/imported/aster_master.svg-2d5e87b24cc4b09536efc782cbcf1350.ctex[39m[0m
[   6% ] [90m[1msavepack[22m | 파일 저장 중: res://assets/characters/playable/aster/aster_master.svg.import[39m[0m
[   6% ] [90m[1msavepack[22m | 파일 저장 중: res://.godot/imported/aster_portrait.svg-344f7e4a0f4fecdeb94b25c02ef8958e.ctex[39m[0m
[   6% ] [90m[1msavepack[22m | 파일 저장 중: res://assets/characters/playable/aster/aster_portrait.svg.import[39m[0m
[   6% ] [90m[1msavepack[22m | 파일 저장 중: res://.godot/imported/aster_rig_sheet.svg-ef54d11e62dc07688c662d9bc6499960.ctex[39m[0m
[   6% ] [90m[1msavepack[22m | 파일 저장 중: res://assets/characters/playable/aster/aster_rig_sheet.svg.import[39m[0m
[   6% ] [90m[1msavepack[22m | 파일 저장 중: res://.godot/imported/mica_detail_overlay.svg-d3e097c43a5046af4d8b44227af1edd0.ctex[39m[0m
[   6% ] [90m[1msavepack[22m | 파일 저장 중: res://assets/characters/playable/mica/mica_detail_overlay.svg.import[39m[0m
[   6% ] [90m[1msavepack[22m | 파일 저장 중: res://.godot/imported/mica_master.svg-faff7b7c64df47dc1d6cd20da979afef.ctex[39m[0m
[   6% ] [90m[1msavepack[22m | 파일 저장 중: res://assets/characters/playable/mica/mica_master.svg.import[39m[0m
[   7% ] [90m[1msavepack[22m | 파일 저장 중: res://.godot/imported/mica_portrait.svg-8887073086fad9abe2dda8c2473734df.ctex[39m[0m
[   7% ] [90m[1msavepack[22m | 파일 저장 중: res://assets/characters/playable/mica/mica_portrait.svg.import[39m[0m
[   7% ] [90m[1msavepack[22m | 파일 저장 중: res://.godot/imported/mica_rig_sheet.svg-dbd7189f1f73346237f400cb9bcb4458.ctex[39m[0m
[   7% ] [90m[1msavepack[22m | 파일 저장 중: res://assets/characters/playable/mica/mica_rig_sheet.svg.import[39m[0m
[   7% ] [90m[1msavepack[22m | 파일 저장 중: res://.godot/imported/rook_detail_overlay.svg-86dbd3a8f0550afbf3602ba11d4cdb0e.ctex[39m[0m
[   7% ] [90m[1msavepack[22m | 파일 저장 중: res://assets/characters/playable/rook/rook_detail_overlay.svg.import[39m[0m
[   7% ] [90m[1msavepack[22m | 파일 저장 중: res://.godot/imported/rook_master.svg-a57dbcc76eab14ca122ccc300a852a50.ctex[39m[0m
[   7% ] [90m[1msavepack[22m | 파일 저장 중: res://assets/characters/playable/rook/rook_master.svg.import[39m[0m
[   7% ] [90m[1msavepack[22m | 파일 저장 중: res://.godot/imported/rook_portrait.svg-6454015695ad07f1a784f3f05b0e6880.ctex[39m[0m
[   7% ] [90m[1msavepack[22m | 파일 저장 중: res://assets/characters/playable/rook/rook_portrait.svg.import[39m[0m
[   8% ] [90m[1msavepack[22m | 파일 저장 중: res://.godot/imported/rook_rig_sheet.svg-79463fe8161e439cddca72f9b3c213d6.ctex[39m[0m
[   8% ] [90m[1msavepack[22m | 파일 저장 중: res://assets/characters/playable/rook/rook_rig_sheet.svg.import[39m[0m
[   8% ] [90m[1msavepack[22m | 파일 저장 중: res://assets/cinematics/sable_intro_original_bgm.ogv[39m[0m
[   8% ] [90m[1msavepack[22m | 파일 저장 중: res://.godot/imported/aberrant_melee_detail_overlay.svg-933b63ae9c4c7d525595cb0bbbb48616.ctex[39m[0m
[   8% ] [90m[1msavepack[22m | 파일 저장 중: res://assets/enemies/aberrant_melee/aberrant_melee_detail_overlay.svg.import[39m[0m
[   8% ] [90m[1msavepack[22m | 파일 저장 중: res://.godot/imported/aberrant_melee_master.svg-55ae5b5f2e1f99207dc6b7eecf544231.ctex[39m[0m
[   8% ] [90m[1msavepack[22m | 파일 저장 중: res://assets/enemies/aberrant_melee/aberrant_melee_master.svg.import[39m[0m
[   8% ] [90m[1msavepack[22m | 파일 저장 중: res://.godot/imported/aberrant_melee_rig_sheet.svg-e54b0e663c22eaf832e952daf9262651.ctex[39m[0m
[   8% ] [90m[1msavepack[22m | 파일 저장 중: res://assets/enemies/aberrant_melee/aberrant_melee_rig_sheet.svg.import[39m[0m
[   9% ] [90m[1msavepack[22m | 파일 저장 중: res://assets/enemies/bulwark/authored_yaw8_v1/E.png[39m[0m
[   9% ] [90m[1msavepack[22m | 파일 저장 중: res://assets/enemies/bulwark/authored_yaw8_v1/E.web.webp[39m[0m
[   9% ] [90m[1msavepack[22m | 파일 저장 중: res://assets/enemies/bulwark/authored_yaw8_v1/N.png[39m[0m
[   9% ] [90m[1msavepack[22m | 파일 저장 중: res://assets/enemies/bulwark/authored_yaw8_v1/N.web.webp[39m[0m
[   9% ] [90m[1msavepack[22m | 파일 저장 중: res://assets/enemies/bulwark/authored_yaw8_v1/NE.png[39m[0m
[  10% ] [90m[1msavepack[22m | 파일 저장 중: res://assets/enemies/bulwark/authored_yaw8_v1/NE.web.webp[39m[0m
[  10% ] [90m[1msavepack[22m | 파일 저장 중: res://assets/enemies/bulwark/authored_yaw8_v1/NW.png[39m[0m
[  10% ] [90m[1msavepack[22m | 파일 저장 중: res://assets/enemies/bulwark/authored_yaw8_v1/NW.web.webp[39m[0m
[  10% ] [90m[1msavepack[22m | 파일 저장 중: res://assets/enemies/bulwark/authored_yaw8_v1/S.png[39m[0m
[  10% ] [90m[1msavepack[22m | 파일 저장 중: res://assets/enemies/bulwark/authored_yaw8_v1/S.web.webp[39m[0m
[  11% ] [90m[1msavepack[22m | 파일 저장 중: res://assets/enemies/bulwark/authored_yaw8_v1/SE.png[39m[0m
[  11% ] [90m[1msavepack[22m | 파일 저장 중: res://assets/enemies/bulwark/authored_yaw8_v1/SE.web.webp[39m[0m
[  11% ] [90m[1msavepack[22m | 파일 저장 중: res://assets/enemies/bulwark/authored_yaw8_v1/spec.json[39m[0m
[  11% ] [90m[1msavepack[22m | 파일 저장 중: res://assets/enemies/bulwark/authored_yaw8_v1/SW.png[39m[0m
[  11% ] [90m[1msavepack[22m | 파일 저장 중: res://assets/enemies/bulwark/authored_yaw8_v1/SW.web.webp[39m[0m
[  12% ] [90m[1msavepack[22m | 파일 저장 중: res://assets/enemies/bulwark/authored_yaw8_v1/W.png[39m[0m
[  12% ] [90m[1msavepack[22m | 파일 저장 중: res://assets/enemies/bulwark/authored_yaw8_v1/W.web.webp[39m[0m
[  12% ] [90m[1msavepack[22m | 파일 저장 중: res://assets/enemies/cinder_ram/authored_yaw8_v1/E.png[39m[0m
[  12% ] [90m[1msavepack[22m | 파일 저장 중: res://assets/enemies/cinder_ram/authored_yaw8_v1/E.web.webp[39m[0m
[  12% ] [90m[1msavepack[22m | 파일 저장 중: res://assets/enemies/cinder_ram/authored_yaw8_v1/N.png[39m[0m
[  13% ] [90m[1msavepack[22m | 파일 저장 중: res://assets/enemies/cinder_ram/authored_yaw8_v1/N.web.webp[39m[0m
[  13% ] [90m[1msavepack[22m | 파일 저장 중: res://assets/enemies/cinder_ram/authored_yaw8_v1/NE.png[39m[0m
[  13% ] [90m[1msavepack[22m | 파일 저장 중: res://assets/enemies/cinder_ram/authored_yaw8_v1/NE.web.webp[39m[0m
[  13% ] [90m[1msavepack[22m | 파일 저장 중: res://assets/enemies/cinder_ram/authored_yaw8_v1/NW.png[39m[0m
[  13% ] [90m[1msavepack[22m | 파일 저장 중: res://assets/enemies/cinder_ram/authored_yaw8_v1/NW.web.webp[39m[0m
[  14% ] [90m[1msavepack[22m | 파일 저장 중: res://assets/enemies/cinder_ram/authored_yaw8_v1/S.png[39m[0m
[  14% ] [90m[1msavepack[22m | 파일 저장 중: res://assets/enemies/cinder_ram/authored_yaw8_v1/S.web.webp[39m[0m
[  14% ] [90m[1msavepack[22m | 파일 저장 중: res://assets/enemies/cinder_ram/authored_yaw8_v1/SE.png[39m[0m
[  14% ] [90m[1msavepack[22m | 파일 저장 중: res://assets/enemies/cinder_ram/authored_yaw8_v1/SE.web.webp[39m[0m
[  14% ] [90m[1msavepack[22m | 파일 저장 중: res://assets/enemies/cinder_ram/authored_yaw8_v1/spec.json[39m[0m
[  15% ] [90m[1msavepack[22m | 파일 저장 중: res://assets/enemies/cinder_ram/authored_yaw8_v1/SW.png[39m[0m
[  15% ] [90m[1msavepack[22m | 파일 저장 중: res://assets/enemies/cinder_ram/authored_yaw8_v1/SW.web.webp[39m[0m
[  15% ] [90m[1msavepack[22m | 파일 저장 중: res://assets/enemies/cinder_ram/authored_yaw8_v1/W.png[39m[0m
[  15% ] [90m[1msavepack[22m | 파일 저장 중: res://assets/enemies/cinder_ram/authored_yaw8_v1/W.web.webp[39m[0m
[  15% ] [90m[1msavepack[22m | 파일 저장 중: res://assets/enemies/null_pylon/authored_core_v1/NULL_PYLON.png[39m[0m
[  16% ] [90m[1msavepack[22m | 파일 저장 중: res://assets/enemies/null_pylon/authored_core_v1/NULL_PYLON.web.webp[39m[0m
[  16% ] [90m[1msavepack[22m | 파일 저장 중: res://assets/enemies/null_pylon/authored_core_v1/spec.json[39m[0m
[  16% ] [90m[1msavepack[22m | 파일 저장 중: res://assets/enemies/prism_skimmer/authored_yaw8_v1/E.png[39m[0m
[  16% ] [90m[1msavepack[22m | 파일 저장 중: res://assets/enemies/prism_skimmer/authored_yaw8_v1/E.web.webp[39m[0m
[  16% ] [90m[1msavepack[22m | 파일 저장 중: res://assets/enemies/prism_skimmer/authored_yaw8_v1/N.png[39m[0m
[  17% ] [90m[1msavepack[22m | 파일 저장 중: res://assets/enemies/prism_skimmer/authored_yaw8_v1/N.web.webp[39m[0m
[  17% ] [90m[1msavepack[22m | 파일 저장 중: res://assets/enemies/prism_skimmer/authored_yaw8_v1/NE.png[39m[0m
[  17% ] [90m[1msavepack[22m | 파일 저장 중: res://assets/enemies/prism_skimmer/authored_yaw8_v1/NE.web.webp[39m[0m
[  17% ] [90m[1msavepack[22m | 파일 저장 중: res://assets/enemies/prism_skimmer/authored_yaw8_v1/NW.png[39m[0m
[  17% ] [90m[1msavepack[22m | 파일 저장 중: res://assets/enemies/prism_skimmer/authored_yaw8_v1/NW.web.webp[39m[0m
[  18% ] [90m[1msavepack[22m | 파일 저장 중: res://assets/enemies/prism_skimmer/authored_yaw8_v1/S.png[39m[0m
[  18% ] [90m[1msavepack[22m | 파일 저장 중: res://assets/enemies/prism_skimmer/authored_yaw8_v1/S.web.webp[39m[0m
[  18% ] [90m[1msavepack[22m | 파일 저장 중: res://assets/enemies/prism_skimmer/authored_yaw8_v1/SE.png[39m[0m
[  18% ] [90m[1msavepack[22m | 파일 저장 중: res://assets/enemies/prism_skimmer/authored_yaw8_v1/SE.web.webp[39m[0m
[  18% ] [90m[1msavepack[22m | 파일 저장 중: res://assets/enemies/prism_skimmer/authored_yaw8_v1/spec.json[39m[0m
[  19% ] [90m[1msavepack[22m | 파일 저장 중: res://assets/enemies/prism_skimmer/authored_yaw8_v1/SW.png[39m[0m
[  19% ] [90m[1msavepack[22m | 파일 저장 중: res://assets/enemies/prism_skimmer/authored_yaw8_v1/SW.web.webp[39m[0m
[  19% ] [90m[1msavepack[22m | 파일 저장 중: res://assets/enemies/prism_skimmer/authored_yaw8_v1/W.png[39m[0m
[  19% ] [90m[1msavepack[22m | 파일 저장 중: res://assets/enemies/prism_skimmer/authored_yaw8_v1/W.web.webp[39m[0m
[  19% ] [90m[1msavepack[22m | 파일 저장 중: res://assets/enemies/recon_drone/authored_yaw8_v1/E.png[39m[0m
[  20% ] [90m[1msavepack[22m | 파일 저장 중: res://assets/enemies/recon_drone/authored_yaw8_v1/E.web.webp[39m[0m
[  20% ] [90m[1msavepack[22m | 파일 저장 중: res://assets/enemies/recon_drone/authored_yaw8_v1/N.png[39m[0m
[  20% ] [90m[1msavepack[22m | 파일 저장 중: res://assets/enemies/recon_drone/authored_yaw8_v1/N.web.webp[39m[0m
[  20% ] [90m[1msavepack[22m | 파일 저장 중: res://assets/enemies/recon_drone/authored_yaw8_v1/NE.png[39m[0m
[  20% ] [90m[1msavepack[22m | 파일 저장 중: res://assets/enemies/recon_drone/authored_yaw8_v1/NE.web.webp[39m[0m
[  21% ] [90m[1msavepack[22m | 파일 저장 중: res://assets/enemies/recon_drone/authored_yaw8_v1/NW.png[39m[0m
[  21% ] [90m[1msavepack[22m | 파일 저장 중: res://assets/enemies/recon_drone/authored_yaw8_v1/NW.web.webp[39m[0m
[  21% ] [90m[1msavepack[22m | 파일 저장 중: res://assets/enemies/recon_drone/authored_yaw8_v1/S.png[39m[0m
[  21% ] [90m[1msavepack[22m | 파일 저장 중: res://assets/enemies/recon_drone/authored_yaw8_v1/S.web.webp[39m[0m
[  21% ] [90m[1msavepack[22m | 파일 저장 중: res://assets/enemies/recon_drone/authored_yaw8_v1/SE.png[39m[0m
[  22% ] [90m[1msavepack[22m | 파일 저장 중: res://assets/enemies/recon_drone/authored_yaw8_v1/SE.web.webp[39m[0m
[  22% ] [90m[1msavepack[22m | 파일 저장 중: res://assets/enemies/recon_drone/authored_yaw8_v1/spec.json[39m[0m
[  22% ] [90m[1msavepack[22m | 파일 저장 중: res://assets/enemies/recon_drone/authored_yaw8_v1/SW.png[39m[0m
[  22% ] [90m[1msavepack[22m | 파일 저장 중: res://assets/enemies/recon_drone/authored_yaw8_v1/SW.web.webp[39m[0m
[  22% ] [90m[1msavepack[22m | 파일 저장 중: res://assets/enemies/recon_drone/authored_yaw8_v1/W.png[39m[0m
[  23% ] [90m[1msavepack[22m | 파일 저장 중: res://assets/enemies/recon_drone/authored_yaw8_v1/W.web.webp[39m[0m
[  23% ] [90m[1msavepack[22m | 파일 저장 중: res://.godot/imported/recon_drone_detail_overlay.svg-edc1a10a1876ec86e5a3a8388ec47ad0.ctex[39m[0m
[  23% ] [90m[1msavepack[22m | 파일 저장 중: res://assets/enemies/recon_drone/recon_drone_detail_overlay.svg.import[39m[0m
[  23% ] [90m[1msavepack[22m | 파일 저장 중: res://.godot/imported/recon_drone_master.svg-5455016478b4e1aac55ef6b3f6ae4750.ctex[39m[0m
[  23% ] [90m[1msavepack[22m | 파일 저장 중: res://assets/enemies/recon_drone/recon_drone_master.svg.import[39m[0m
[  23% ] [90m[1msavepack[22m | 파일 저장 중: res://.godot/imported/recon_drone_rig_sheet.svg-3f1311ca60fb9ec303abab71b1f6902a.ctex[39m[0m
[  23% ] [90m[1msavepack[22m | 파일 저장 중: res://assets/enemies/recon_drone/recon_drone_rig_sheet.svg.import[39m[0m
[  23% ] [90m[1msavepack[22m | 파일 저장 중: res://.godot/imported/rifle_trooper_detail_overlay.svg-a4b3cd846c32a722f636784d14f4a890.ctex[39m[0m
[  23% ] [90m[1msavepack[22m | 파일 저장 중: res://assets/enemies/rifle_trooper/rifle_trooper_detail_overlay.svg.import[39m[0m
[  24% ] [90m[1msavepack[22m | 파일 저장 중: res://.godot/imported/rifle_trooper_master.svg-17b74de7c070ede92c14a6981659d0e4.ctex[39m[0m
[  24% ] [90m[1msavepack[22m | 파일 저장 중: res://assets/enemies/rifle_trooper/rifle_trooper_master.svg.import[39m[0m
[  24% ] [90m[1msavepack[22m | 파일 저장 중: res://.godot/imported/rifle_trooper_rig_sheet.svg-8ddeb46464e859c30db2ab51ba850cba.ctex[39m[0m
[  24% ] [90m[1msavepack[22m | 파일 저장 중: res://assets/enemies/rifle_trooper/rifle_trooper_rig_sheet.svg.import[39m[0m
[  24% ] [90m[1msavepack[22m | 파일 저장 중: res://.godot/imported/shield_breacher_detail_overlay.svg-361cc618a7d6226e0b90fc6dba64a462.ctex[39m[0m
[  24% ] [90m[1msavepack[22m | 파일 저장 중: res://assets/enemies/shield_breacher/shield_breacher_detail_overlay.svg.import[39m[0m
[  24% ] [90m[1msavepack[22m | 파일 저장 중: res://.godot/imported/shield_breacher_master.svg-22ebbb61f0cae7ed8a0fcab7d55ae5c4.ctex[39m[0m
[  24% ] [90m[1msavepack[22m | 파일 저장 중: res://assets/enemies/shield_breacher/shield_breacher_master.svg.import[39m[0m
[  24% ] [90m[1msavepack[22m | 파일 저장 중: res://.godot/imported/shield_breacher_rig_sheet.svg-9f023d21c3feb9a83dbb4485f77e1e3c.ctex[39m[0m
[  24% ] [90m[1msavepack[22m | 파일 저장 중: res://assets/enemies/shield_breacher/shield_breacher_rig_sheet.svg.import[39m[0m
[  25% ] [90m[1msavepack[22m | 파일 저장 중: res://assets/enemies/signal_anchor_guardian/authored_core_v1/anchor.png[39m[0m
[  25% ] [90m[1msavepack[22m | 파일 저장 중: res://assets/enemies/signal_anchor_guardian/authored_core_v1/anchor.web.webp[39m[0m
[  25% ] [90m[1msavepack[22m | 파일 저장 중: res://assets/enemies/signal_anchor_guardian/authored_core_v1/spec.json[39m[0m
[  25% ] [90m[1msavepack[22m | 파일 저장 중: res://.godot/imported/signal_anchor_guardian_detail_overlay.svg-4da59328c3d6dbdf50ce7bd77fc53350.ctex[39m[0m
[  25% ] [90m[1msavepack[22m | 파일 저장 중: res://assets/enemies/signal_anchor_guardian/signal_anchor_guardian_detail_overlay.svg.import[39m[0m
[  25% ] [90m[1msavepack[22m | 파일 저장 중: res://.godot/imported/signal_anchor_guardian_master.svg-7e0a292b46cf33963befd9dbe8b8a5a9.ctex[39m[0m
[  25% ] [90m[1msavepack[22m | 파일 저장 중: res://assets/enemies/signal_anchor_guardian/signal_anchor_guardian_master.svg.import[39m[0m
[  26% ] [90m[1msavepack[22m | 파일 저장 중: res://.godot/imported/signal_anchor_guardian_rig_sheet.svg-4cf1d0563aece4cb00e3b44678ea1b75.ctex[39m[0m
[  26% ] [90m[1msavepack[22m | 파일 저장 중: res://assets/enemies/signal_anchor_guardian/signal_anchor_guardian_rig_sheet.svg.import[39m[0m
[  26% ] [90m[1msavepack[22m | 파일 저장 중: res://assets/enemies/stage4_forge_warden/authored_core_v1/FORGE_WARDEN.png[39m[0m
[  26% ] [90m[1msavepack[22m | 파일 저장 중: res://assets/enemies/stage4_forge_warden/authored_core_v1/FORGE_WARDEN.web.webp[39m[0m
[  26% ] [90m[1msavepack[22m | 파일 저장 중: res://assets/enemies/stage4_forge_warden/authored_core_v1/spec.json[39m[0m
[  26% ] [90m[1msavepack[22m | 파일 저장 중: res://assets/enemies/stage5_carrier_null/authored_core_v1/CARRIER_NULL.png[39m[0m
[  27% ] [90m[1msavepack[22m | 파일 저장 중: res://assets/enemies/stage5_carrier_null/authored_core_v1/CARRIER_NULL.web.webp[39m[0m
[  27% ] [90m[1msavepack[22m | 파일 저장 중: res://assets/enemies/stage5_carrier_null/authored_core_v1/spec.json[39m[0m
[  27% ] [90m[1msavepack[22m | 파일 저장 중: res://assets/enemies/vesper_mortar/authored_core_v1/ANCHORED.png[39m[0m
[  27% ] [90m[1msavepack[22m | 파일 저장 중: res://assets/enemies/vesper_mortar/authored_core_v1/ANCHORED.web.webp[39m[0m
[  27% ] [90m[1msavepack[22m | 파일 저장 중: res://assets/enemies/vesper_mortar/authored_core_v1/spec.json[39m[0m
[  28% ] [90m[1msavepack[22m | 파일 저장 중: res://assets/generated/raster/aster/aster_direction_atlas.webp.b64.01[39m[0m
[  28% ] [90m[1msavepack[22m | 파일 저장 중: res://assets/environments/site7/archive_annex/03_ARCHIVE_ANNEX_CONTINUITY.webp[39m[0m
[  28% ] [90m[1msavepack[22m | 파일 저장 중: res://assets/generated/raster/aster/aster_direction_atlas.webp.b64.00[39m[0m
[  28% ] [90m[1msavepack[22m | 파일 저장 중: res://assets/environments/site7/archive_annex/03_ARCHIVE_ANNEX_GAME.webp[39m[0m
[  28% ] [90m[1msavepack[22m | 파일 저장 중: res://assets/fonts/RAJDHANI_OFL.txt[39m[0m
[  29% ] [90m[1msavepack[22m | 파일 저장 중: res://assets/environments/site7/connectors/archive_containment/11_ARCHIVE_CONTAINMENT_CONNECTOR_CONTINUITY.webp[39m[0m
[  29% ] [90m[1msavepack[22m | 파일 저장 중: res://assets/fonts/NOTO_SANS_OFL.txt[39m[0m
[  29% ] [90m[1msavepack[22m | 파일 저장 중: res://assets/environments/site7/connectors/archive_containment/11_ARCHIVE_CONTAINMENT_CONNECTOR_GAME.webp[39m[0m
[  29% ] [90m[1msavepack[22m | 파일 저장 중: res://assets/audio/combat_r04/CREDITS.txt[39m[0m
[  29% ] [90m[1msavepack[22m | 파일 저장 중: res://assets/environments/site7/connectors/archive_stores/14_ARCHIVE_STORES_CONNECTOR_CONTINUITY.webp[39m[0m
[  30% ] [90m[1msavepack[22m | 파일 저장 중: res://sound/music/catalog.json[39m[0m
[  30% ] [90m[1msavepack[22m | 파일 저장 중: res://assets/environments/site7/connectors/archive_stores/14_ARCHIVE_STORES_CONNECTOR_GAME.webp[39m[0m
[  30% ] [90m[1msavepack[22m | 파일 저장 중: res://sound/music/runtime/title.mp3[39m[0m
[  30% ] [90m[1msavepack[22m | 파일 저장 중: res://assets/environments/site7/connectors/containment_core/12_CONTAINMENT_CORE_CONNECTOR_CONTINUITY.webp[39m[0m
[  30% ] [90m[1msavepack[22m | 파일 저장 중: res://sound/music/runtime/stage5.mp3[39m[0m
[  31% ] [90m[1msavepack[22m | 파일 저장 중: res://assets/environments/site7/connectors/containment_core/12_CONTAINMENT_CORE_CONNECTOR_GAME.webp[39m[0m
[  31% ] [90m[1msavepack[22m | 파일 저장 중: res://sound/music/runtime/stage4.mp3[39m[0m
[  31% ] [90m[1msavepack[22m | 파일 저장 중: res://assets/environments/site7/connectors/containment_signal/15_CONTAINMENT_SIGNAL_CONNECTOR_CONTINUITY.webp[39m[0m
[  31% ] [90m[1msavepack[22m | 파일 저장 중: res://sound/music/runtime/stage3.mp3[39m[0m
[  31% ] [90m[1msavepack[22m | 파일 저장 중: res://assets/environments/site7/connectors/containment_signal/15_CONTAINMENT_SIGNAL_CONNECTOR_GAME.webp[39m[0m
[  32% ] [90m[1msavepack[22m | 파일 저장 중: res://sound/music/runtime/stage2.mp3[39m[0m
[  32% ] [90m[1msavepack[22m | 파일 저장 중: res://assets/environments/site7/connectors/core_lift/13_CORE_LIFT_CONNECTOR_CONTINUITY.webp[39m[0m
[  32% ] [90m[1msavepack[22m | 파일 저장 중: res://sound/music/runtime/stage1.mp3[39m[0m
[  32% ] [90m[1msavepack[22m | 파일 저장 중: res://assets/environments/site7/connectors/core_lift/13_CORE_LIFT_CONNECTOR_GAME.webp[39m[0m
[  32% ] [90m[1msavepack[22m | 파일 저장 중: res://sound/music/runtime/results.mp3[39m[0m
[  33% ] [90m[1msavepack[22m | 파일 저장 중: res://assets/environments/site7/connectors/decon_archive/10_DECON_ARCHIVE_CONNECTOR_CONTINUITY.webp[39m[0m
[  33% ] [90m[1msavepack[22m | 파일 저장 중: res://sound/music/runtime/boss.mp3[39m[0m
[  33% ] [90m[1msavepack[22m | 파일 저장 중: res://assets/environments/site7/connectors/decon_archive/10_DECON_ARCHIVE_CONNECTOR_GAME.webp[39m[0m
[  33% ] [90m[1msavepack[22m | 파일 저장 중: res://sound/music/runtime/base.mp3[39m[0m
[  33% ] [90m[1msavepack[22m | 파일 저장 중: res://assets/environments/site7/connectors/gate_decon/09_GATE_DECON_CONNECTOR_CONTINUITY.webp[39m[0m
[  33% ] [90m[1msavepack[22m | 파일 저장 중: res://scripts/vfx/operator_skill_vfx.gd[39m[0m
[  33% ] [90m[1msavepack[22m | 파일 저장 중: res://assets/environments/site7/connectors/gate_decon/09_GATE_DECON_CONNECTOR_GAME.webp[39m[0m
[  33% ] [90m[1msavepack[22m | 파일 저장 중: res://scripts/vfx/enemy_death_sequence.gd[39m[0m
[  33% ] [90m[1msavepack[22m | 파일 저장 중: res://assets/environments/site7/containment_junction/04_CONTAINMENT_JUNCTION_CONTINUITY.webp[39m[0m
[  33% ] [90m[1msavepack[22m | 파일 저장 중: res://scripts/vfx/combat_hit_vfx.gd[39m[0m
[  34% ] [90m[1msavepack[22m | 파일 저장 중: res://assets/environments/site7/containment_junction/04_CONTAINMENT_JUNCTION_GAME.webp[39m[0m
[  34% ] [90m[1msavepack[22m | 파일 저장 중: res://scripts/ui/title_screen.gd[39m[0m
[  34% ] [90m[1msavepack[22m | 파일 저장 중: res://assets/environments/site7/core_c/05_CORE_C_CONTINUITY.webp[39m[0m
[  34% ] [90m[1msavepack[22m | 파일 저장 중: res://scripts/ui/tactical_minimap.gd[39m[0m
[  34% ] [90m[1msavepack[22m | 파일 저장 중: res://assets/environments/site7/core_c/05_CORE_C_GAME.webp[39m[0m
[  35% ] [90m[1msavepack[22m | 파일 저장 중: res://scripts/ui/story_stage_hud.gd[39m[0m
[  35% ] [90m[1msavepack[22m | 파일 저장 중: res://assets/environments/site7/decon_corridor/02_DECON_CORRIDOR_CONTINUITY.webp[39m[0m
[  35% ] [90m[1msavepack[22m | 파일 저장 중: res://scripts/ui/prototype_hud.gd[39m[0m
[  35% ] [90m[1msavepack[22m | 파일 저장 중: res://assets/environments/site7/decon_corridor/02_DECON_CORRIDOR_GAME.webp[39m[0m
[  35% ] [90m[1msavepack[22m | 파일 저장 중: res://scripts/ui/mission_results.gd[39m[0m
[  36% ] [90m[1msavepack[22m | 파일 저장 중: res://assets/environments/site7/emergency_lift/06_EMERGENCY_LIFT_CONTINUITY.webp[39m[0m
[  36% ] [90m[1msavepack[22m | 파일 저장 중: res://scripts/ui/enemy_overhead_ui.gd[39m[0m
[  36% ] [90m[1msavepack[22m | 파일 저장 중: res://assets/environments/site7/emergency_lift/06_EMERGENCY_LIFT_GAME.webp[39m[0m
[  36% ] [90m[1msavepack[22m | 파일 저장 중: res://scripts/ui/demo_theme.gd[39m[0m
[  36% ] [90m[1msavepack[22m | 파일 저장 중: res://assets/environments/site7/emergency_stores/07_EMERGENCY_STORES_CONTINUITY.webp[39m[0m
[  37% ] [90m[1msavepack[22m | 파일 저장 중: res://scripts/ui/demo_intro.gd[39m[0m
[  37% ] [90m[1msavepack[22m | 파일 저장 중: res://assets/environments/site7/emergency_stores/07_EMERGENCY_STORES_GAME.webp[39m[0m
[  37% ] [90m[1msavepack[22m | 파일 저장 중: res://assets/environments/site7/karchive_props_v1/barrier.png[39m[0m
[  37% ] [90m[1msavepack[22m | 파일 저장 중: res://assets/environments/site7/karchive_props_v1/cabinet.png[39m[0m
[  37% ] [90m[1msavepack[22m | 파일 저장 중: res://assets/environments/site7/karchive_props_v1/crate.png[39m[0m
[  38% ] [90m[1msavepack[22m | 파일 저장 중: res://assets/environments/site7/karchive_props_v1/generator.png[39m[0m
[  38% ] [90m[1msavepack[22m | 파일 저장 중: res://assets/environments/site7/karchive_props_v1/spec.json[39m[0m
[  38% ] [90m[1msavepack[22m | 파일 저장 중: res://scripts/ui/demo_input.gd[39m[0m
[  38% ] [90m[1msavepack[22m | 파일 저장 중: res://assets/environments/site7/outer_gate/01_OUTER_GATE_CONTINUITY.webp[39m[0m
[  38% ] [90m[1msavepack[22m | 파일 저장 중: res://scripts/ui/demo_controls.gd[39m[0m
[  39% ] [90m[1msavepack[22m | 파일 저장 중: res://assets/environments/site7/outer_gate/01_OUTER_GATE_GAME.webp[39m[0m
[  39% ] [90m[1msavepack[22m | 파일 저장 중: res://.godot/imported/archive_data_stack.svg-c22c62bc909dee9a9818f1b1daa16a1b.ctex[39m[0m
[  39% ] [90m[1msavepack[22m | 파일 저장 중: res://assets/environments/site7/props/archive_data_stack.svg.import[39m[0m
[  39% ] [90m[1msavepack[22m | 파일 저장 중: res://.godot/imported/core_anchor_console.svg-1f23209ef9083f3e474d9a8634497f62.ctex[39m[0m
[  39% ] [90m[1msavepack[22m | 파일 저장 중: res://assets/environments/site7/props/core_anchor_console.svg.import[39m[0m
[  39% ] [90m[1msavepack[22m | 파일 저장 중: res://.godot/imported/decon_purge_column.svg-c4fb7ff5ef90091f450c3318af23c8be.ctex[39m[0m
[  39% ] [90m[1msavepack[22m | 파일 저장 중: res://assets/environments/site7/props/decon_purge_column.svg.import[39m[0m
[  39% ] [90m[1msavepack[22m | 파일 저장 중: res://.godot/imported/gate_access_terminal.svg-7e482c4c42835dd9c51f55e9f4a2577d.ctex[39m[0m
[  39% ] [90m[1msavepack[22m | 파일 저장 중: res://assets/environments/site7/props/gate_access_terminal.svg.import[39m[0m
[  40% ] [90m[1msavepack[22m | 파일 저장 중: res://.godot/imported/junction_lockdown_pylon.svg-80cefb140ee146534107f2727ccfe591.ctex[39m[0m
[  40% ] [90m[1msavepack[22m | 파일 저장 중: res://assets/environments/site7/props/junction_lockdown_pylon.svg.import[39m[0m
[  40% ] [90m[1msavepack[22m | 파일 저장 중: res://.godot/imported/lift_control_relay.svg-06eaef2a0f03954ed5bd9b9ec9af95b2.ctex[39m[0m
[  40% ] [90m[1msavepack[22m | 파일 저장 중: res://assets/environments/site7/props/lift_control_relay.svg.import[39m[0m
[  40% ] [90m[1msavepack[22m | 파일 저장 중: res://.godot/imported/signal_holo_analyzer.svg-01fee2f78f861b08a45026d1c280f16c.ctex[39m[0m
[  40% ] [90m[1msavepack[22m | 파일 저장 중: res://assets/environments/site7/props/signal_holo_analyzer.svg.import[39m[0m
[  40% ] [90m[1msavepack[22m | 파일 저장 중: res://.godot/imported/stores_med_crate.svg-6c5f1816ef013ca9e8933fd63cca0cc1.ctex[39m[0m
[  40% ] [90m[1msavepack[22m | 파일 저장 중: res://assets/environments/site7/props/stores_med_crate.svg.import[39m[0m
[  40% ] [90m[1msavepack[22m | 파일 저장 중: res://.godot/imported/archive_annex.svg-c2cffd98f35e5b9c9f79a3ffc097d2a1.ctex[39m[0m
[  40% ] [90m[1msavepack[22m | 파일 저장 중: res://assets/environments/site7/room_art/archive_annex.svg.import[39m[0m
[  41% ] [90m[1msavepack[22m | 파일 저장 중: res://.godot/imported/containment_core_c.svg-e9d43d3029b4559b9fb7f37f3fb2daa7.ctex[39m[0m
[  41% ] [90m[1msavepack[22m | 파일 저장 중: res://assets/environments/site7/room_art/containment_core_c.svg.import[39m[0m
[  41% ] [90m[1msavepack[22m | 파일 저장 중: res://.godot/imported/containment_junction.svg-2ee86525f4c19cd58d9e04d71acb2c89.ctex[39m[0m
[  41% ] [90m[1msavepack[22m | 파일 저장 중: res://assets/environments/site7/room_art/containment_junction.svg.import[39m[0m
[  41% ] [90m[1msavepack[22m | 파일 저장 중: res://.godot/imported/decon_corridor.svg-7593e2cc7d5ce1c51b9598644a19da1b.ctex[39m[0m
[  41% ] [90m[1msavepack[22m | 파일 저장 중: res://assets/environments/site7/room_art/decon_corridor.svg.import[39m[0m
[  41% ] [90m[1msavepack[22m | 파일 저장 중: res://.godot/imported/emergency_lift.svg-4158fb9c27d5be892d5308010f19270c.ctex[39m[0m
[  41% ] [90m[1msavepack[22m | 파일 저장 중: res://assets/environments/site7/room_art/emergency_lift.svg.import[39m[0m
[  41% ] [90m[1msavepack[22m | 파일 저장 중: res://.godot/imported/emergency_stores.svg-a23fe01ca29074fe15c64e2db0be7262.ctex[39m[0m
[  41% ] [90m[1msavepack[22m | 파일 저장 중: res://assets/environments/site7/room_art/emergency_stores.svg.import[39m[0m
[  42% ] [90m[1msavepack[22m | 파일 저장 중: res://.godot/imported/outer_gate.svg-477fec8f09cbc94b561b39531f50c646.ctex[39m[0m
[  42% ] [90m[1msavepack[22m | 파일 저장 중: res://assets/environments/site7/room_art/outer_gate.svg.import[39m[0m
[  42% ] [90m[1msavepack[22m | 파일 저장 중: res://.godot/imported/signal_lab.svg-0f3c88b8386e58657fb586129a90d129.ctex[39m[0m
[  42% ] [90m[1msavepack[22m | 파일 저장 중: res://assets/environments/site7/room_art/signal_lab.svg.import[39m[0m
[  42% ] [90m[1msavepack[22m | 파일 저장 중: res://scripts/ui/cinematic_field_overlay.gd[39m[0m
[  42% ] [90m[1msavepack[22m | 파일 저장 중: res://assets/environments/site7/signal_lab/08_SIGNAL_LAB_CONTINUITY.webp[39m[0m
[  42% ] [90m[1msavepack[22m | 파일 저장 중: res://scripts/ui/briefing_screen.gd[39m[0m
[  43% ] [90m[1msavepack[22m | 파일 저장 중: res://assets/environments/site7/signal_lab/08_SIGNAL_LAB_GAME.webp[39m[0m
[  43% ] [90m[1msavepack[22m | 파일 저장 중: res://scripts/ui/battle_reticle.gd[39m[0m
[  43% ] [90m[1msavepack[22m | 파일 저장 중: res://assets/environments/site7/stage02/connectors/maintenance_relay_archive/S02_10_MAINTENANCE_RELAY_ARCHIVE_CONTINUITY.webp[39m[0m
[  43% ] [90m[1msavepack[22m | 파일 저장 중: res://scripts/ui/base_lobby.gd[39m[0m
[  43% ] [90m[1msavepack[22m | 파일 저장 중: res://assets/environments/site7/stage02/connectors/maintenance_relay_archive/S02_10_MAINTENANCE_RELAY_ARCHIVE_GAME.webp[39m[0m
[  44% ] [90m[1msavepack[22m | 파일 저장 중: res://scripts/qa/mica_movement_fire_web.gd[39m[0m
[  44% ] [90m[1msavepack[22m | 파일 저장 중: res://assets/environments/site7/stage02/connectors/quarantine_echo_recorder/S02_15_QUARANTINE_ECHO_RECORDER_CONTINUITY.webp[39m[0m
[  44% ] [90m[1msavepack[22m | 파일 저장 중: res://scripts/qa/aster_static_pre_gate_preview.gd[39m[0m
[  44% ] [90m[1msavepack[22m | 파일 저장 중: res://assets/environments/site7/stage02/connectors/quarantine_echo_recorder/S02_15_QUARANTINE_ECHO_RECORDER_GAME.webp[39m[0m
[  44% ] [90m[1msavepack[22m | 파일 저장 중: res://scripts/missions/story_stage_01.gd[39m[0m
[  45% ] [90m[1msavepack[22m | 파일 저장 중: res://assets/environments/site7/stage02/connectors/quarantine_sublevel_relay/S02_12_QUARANTINE_SUBLEVEL_RELAY_CONTINUITY.webp[39m[0m
[  45% ] [90m[1msavepack[22m | 파일 저장 중: res://scripts/missions/stage01_environment_director.gd[39m[0m
[  45% ] [90m[1msavepack[22m | 파일 저장 중: res://assets/environments/site7/stage02/connectors/quarantine_sublevel_relay/S02_12_QUARANTINE_SUBLEVEL_RELAY_GAME.webp[39m[0m
[  45% ] [90m[1msavepack[22m | 파일 저장 중: res://scripts/missions/squad_camera_presentation.gd[39m[0m
[  45% ] [90m[1msavepack[22m | 파일 저장 중: res://assets/environments/site7/stage02/connectors/reentry_maintenance/S02_09_REENTRY_MAINTENANCE_CONTINUITY.webp[39m[0m
[  46% ] [90m[1msavepack[22m | 파일 저장 중: res://scripts/missions/site7_surface_detail.gd[39m[0m
[  46% ] [90m[1msavepack[22m | 파일 저장 중: res://assets/environments/site7/stage02/connectors/reentry_maintenance/S02_09_REENTRY_MAINTENANCE_GAME.webp[39m[0m
[  46% ] [90m[1msavepack[22m | 파일 저장 중: res://scripts/missions/site7_room_art_layer.gd[39m[0m
[  46% ] [90m[1msavepack[22m | 파일 저장 중: res://assets/environments/site7/stage02/connectors/relay_archive_field_cache/S02_14_RELAY_ARCHIVE_FIELD_CACHE_CONTINUITY.webp[39m[0m
[  46% ] [90m[1msavepack[22m | 파일 저장 중: res://scripts/missions/site7_prop_art_layer.gd[39m[0m
[  47% ] [90m[1msavepack[22m | 파일 저장 중: res://assets/environments/site7/stage02/connectors/relay_archive_field_cache/S02_14_RELAY_ARCHIVE_FIELD_CACHE_GAME.webp[39m[0m
[  47% ] [90m[1msavepack[22m | 파일 저장 중: res://scripts/missions/site7_lighting_rig.gd[39m[0m
[  47% ] [90m[1msavepack[22m | 파일 저장 중: res://assets/environments/site7/stage02/connectors/relay_archive_quarantine/S02_11_RELAY_ARCHIVE_QUARANTINE_CONTINUITY.webp[39m[0m
[  47% ] [90m[1msavepack[22m | 파일 저장 중: res://scripts/missions/site7_facility_architecture.gd[39m[0m
[  47% ] [90m[1msavepack[22m | 파일 저장 중: res://assets/environments/site7/stage02/connectors/relay_archive_quarantine/S02_11_RELAY_ARCHIVE_QUARANTINE_GAME.webp[39m[0m
[  48% ] [90m[1msavepack[22m | 파일 저장 중: res://scripts/missions/site7_environment_props.gd[39m[0m
[  48% ] [90m[1msavepack[22m | 파일 저장 중: res://assets/environments/site7/stage02/connectors/sublevel_relay_service_lift/S02_13_SUBLEVEL_RELAY_SERVICE_LIFT_CONTINUITY.webp[39m[0m
[  48% ] [90m[1msavepack[22m | 파일 저장 중: res://scripts/missions/site7_environment_prop.gd[39m[0m
[  48% ] [90m[1msavepack[22m | 파일 저장 중: res://assets/environments/site7/stage02/connectors/sublevel_relay_service_lift/S02_13_SUBLEVEL_RELAY_SERVICE_LIFT_GAME.webp[39m[0m
[  48% ] [90m[1msavepack[22m | 파일 저장 중: res://scripts/missions/site7_depth_pass.gd[39m[0m
[  49% ] [90m[1msavepack[22m | 파일 저장 중: res://assets/environments/site7/stage02/echo_recorder/S02_08_ECHO_RECORDER_CONTINUITY.webp[39m[0m
[  49% ] [90m[1msavepack[22m | 파일 저장 중: res://scripts/missions/site7_battlefield.gd[39m[0m
[  49% ] [90m[1msavepack[22m | 파일 저장 중: res://assets/environments/site7/stage02/echo_recorder/S02_08_ECHO_RECORDER_GAME.webp[39m[0m
[  49% ] [90m[1msavepack[22m | 파일 저장 중: res://scripts/missions/prototype_arena.gd[39m[0m
[  49% ] [90m[1msavepack[22m | 파일 저장 중: res://assets/environments/site7/stage02/flooded_maintenance/S02_02_FLOODED_MAINTENANCE_CONTINUITY.webp[39m[0m
[  50% ] [90m[1msavepack[22m | 파일 저장 중: res://scripts/missions/boss_arena_presentation.gd[39m[0m
[  50% ] [90m[1msavepack[22m | 파일 저장 중: res://assets/environments/site7/stage02/flooded_maintenance/S02_02_FLOODED_MAINTENANCE_GAME.webp[39m[0m
[  50% ] [90m[1msavepack[22m | 파일 저장 중: res://scripts/data/weapon_registry.gd[39m[0m
[  50% ] [90m[1msavepack[22m | 파일 저장 중: res://assets/environments/site7/stage02/quarantine_crossing/S02_04_QUARANTINE_CROSSING_CONTINUITY.webp[39m[0m
[  50% ] [90m[1msavepack[22m | 파일 저장 중: res://scripts/data/art_profile_registry.gd[39m[0m
[  50% ] [90m[1msavepack[22m | 파일 저장 중: res://assets/environments/site7/stage02/quarantine_crossing/S02_04_QUARANTINE_CROSSING_GAME.webp[39m[0m
[  51% ] [90m[1msavepack[22m | 파일 저장 중: res://scripts/core/site7_campaign.gd[39m[0m
[  51% ] [90m[1msavepack[22m | 파일 저장 중: res://assets/environments/site7/stage02/relay_archive/S02_03_RELAY_ARCHIVE_CONTINUITY.webp[39m[0m
[  51% ] [90m[1msavepack[22m | 파일 저장 중: res://scripts/core/run_contract.gd[39m[0m
[  51% ] [90m[1msavepack[22m | 파일 저장 중: res://assets/environments/site7/stage02/relay_archive/S02_03_RELAY_ARCHIVE_GAME.webp[39m[0m
[  51% ] [90m[1msavepack[22m | 파일 저장 중: res://scripts/core/game_flow.gd[39m[0m
[  52% ] [90m[1msavepack[22m | 파일 저장 중: res://assets/environments/site7/stage02/reserve_field_cache/S02_07_RESERVE_FIELD_CACHE_CONTINUITY.webp[39m[0m
[  52% ] [90m[1msavepack[22m | 파일 저장 중: res://scripts/core/campaign_progression.gd[39m[0m
[  52% ] [90m[1msavepack[22m | 파일 저장 중: res://assets/environments/site7/stage02/reserve_field_cache/S02_07_RESERVE_FIELD_CACHE_GAME.webp[39m[0m
[  52% ] [90m[1msavepack[22m | 파일 저장 중: res://scripts/core/bootstrap.gd[39m[0m
[  52% ] [90m[1msavepack[22m | 파일 저장 중: res://assets/environments/site7/stage02/service_lift/S02_06_SERVICE_LIFT_CONTINUITY.webp[39m[0m
[  53% ] [90m[1msavepack[22m | 파일 저장 중: res://scripts/core/battle_texture_library.gd[39m[0m
[  53% ] [90m[1msavepack[22m | 파일 저장 중: res://assets/environments/site7/stage02/service_lift/S02_06_SERVICE_LIFT_GAME.webp[39m[0m
[  53% ] [90m[1msavepack[22m | 파일 저장 중: res://scripts/combat/site7_mortar_shell.gd[39m[0m
[  53% ] [90m[1msavepack[22m | 파일 저장 중: res://assets/environments/site7/stage02/service_reentry/S02_01_SERVICE_REENTRY_CONTINUITY.webp[39m[0m
[  53% ] [90m[1msavepack[22m | 파일 저장 중: res://scripts/combat/site7_enemy_tactics.gd[39m[0m
[  54% ] [90m[1msavepack[22m | 파일 저장 중: res://assets/environments/site7/stage02/service_reentry/S02_01_SERVICE_REENTRY_GAME.webp[39m[0m
[  54% ] [90m[1msavepack[22m | 파일 저장 중: res://scripts/combat/site7_attack_warning.gd[39m[0m
[  54% ] [90m[1msavepack[22m | 파일 저장 중: res://assets/environments/site7/stage02/sublevel_relay/S02_05_SUBLEVEL_RELAY_CONTINUITY.webp[39m[0m
[  54% ] [90m[1msavepack[22m | 파일 저장 중: res://scripts/combat/prototype_projectile.gd[39m[0m
[  54% ] [90m[1msavepack[22m | 파일 저장 중: res://assets/environments/site7/stage02/sublevel_relay/S02_05_SUBLEVEL_RELAY_GAME.webp[39m[0m
[  55% ] [90m[1msavepack[22m | 파일 저장 중: res://scripts/combat/operator_skill_controller.gd[39m[0m
[  55% ] [90m[1msavepack[22m | 파일 저장 중: res://assets/environments/site7/stage03/anchor_remnant/S03_05_ANCHOR_REMNANT_CONTINUITY.webp[39m[0m
[  55% ] [90m[1msavepack[22m | 파일 저장 중: res://scripts/combat/cover_navigation.gd[39m[0m
[  55% ] [90m[1msavepack[22m | 파일 저장 중: res://assets/environments/site7/stage03/anchor_remnant/S03_05_ANCHOR_REMNANT_GAME.webp[39m[0m
[  55% ] [90m[1msavepack[22m | 파일 저장 중: res://scripts/combat/combat_hit_geometry.gd[39m[0m
[  56% ] [90m[1msavepack[22m | 파일 저장 중: res://assets/environments/site7/stage03/breached_armory/S03_07_BREACHED_ARMORY_CONTINUITY.webp[39m[0m
[  56% ] [90m[1msavepack[22m | 파일 저장 중: res://scripts/combat/combat_feedback.gd[39m[0m
[  56% ] [90m[1msavepack[22m | 파일 저장 중: res://assets/environments/site7/stage03/breached_armory/S03_07_BREACHED_ARMORY_GAME.webp[39m[0m
[  56% ] [90m[1msavepack[22m | 파일 저장 중: res://scripts/audio/procedural_combat_sfx.gd[39m[0m
[  56% ] [90m[1msavepack[22m | 파일 저장 중: res://assets/environments/site7/stage03/carrier_trace/S03_03_CARRIER_TRACE_CONTINUITY.webp[39m[0m
[  57% ] [90m[1msavepack[22m | 파일 저장 중: res://scripts/audio/demo_music.gd[39m[0m
[  57% ] [90m[1msavepack[22m | 파일 저장 중: res://assets/environments/site7/stage03/carrier_trace/S03_03_CARRIER_TRACE_GAME.webp[39m[0m
[  57% ] [90m[1msavepack[22m | 파일 저장 중: res://scripts/audio/combat_sfx_bank.gd[39m[0m
[  57% ] [90m[1msavepack[22m | 파일 저장 중: res://assets/environments/site7/stage03/collapsed_bulkhead/S03_04_COLLAPSED_BULKHEAD_CONTINUITY.webp[39m[0m
[  57% ] [90m[1msavepack[22m | 파일 저장 중: res://scripts/animation/upright_stance_presentation.gd[39m[0m
[  58% ] [90m[1msavepack[22m | 파일 저장 중: res://assets/environments/site7/stage03/collapsed_bulkhead/S03_04_COLLAPSED_BULKHEAD_GAME.webp[39m[0m
[  58% ] [90m[1msavepack[22m | 파일 저장 중: res://scripts/animation/source_skin_weapon_binding.gd[39m[0m
[  58% ] [90m[1msavepack[22m | 파일 저장 중: res://assets/environments/site7/stage03/connectors/anchor_emergency_shaft/S03_13_ANCHOR_EMERGENCY_SHAFT_CONTINUITY.webp[39m[0m
[  58% ] [90m[1msavepack[22m | 파일 저장 중: res://scripts/animation/source_skin_viewport.gd[39m[0m
[  58% ] [90m[1msavepack[22m | 파일 저장 중: res://assets/environments/site7/stage03/connectors/anchor_emergency_shaft/S03_13_ANCHOR_EMERGENCY_SHAFT_GAME.webp[39m[0m
[  59% ] [90m[1msavepack[22m | 파일 저장 중: res://scripts/animation/source_skin_view.gd[39m[0m
[  59% ] [90m[1msavepack[22m | 파일 저장 중: res://assets/environments/site7/stage03/connectors/bulkhead_anchor_remnant/S03_12_BULKHEAD_ANCHOR_REMNANT_CONTINUITY.webp[39m[0m
[  59% ] [90m[1msavepack[22m | 파일 저장 중: res://scripts/animation/source_projection.gd[39m[0m
[  59% ] [90m[1msavepack[22m | 파일 저장 중: res://assets/environments/site7/stage03/connectors/bulkhead_anchor_remnant/S03_12_BULKHEAD_ANCHOR_REMNANT_GAME.webp[39m[0m
[  59% ] [90m[1msavepack[22m | 파일 저장 중: res://scripts/animation/skeletal_motion_player.gd[39m[0m
[  60% ] [90m[1msavepack[22m | 파일 저장 중: res://assets/environments/site7/stage03/connectors/bulkhead_resonance/S03_15_BULKHEAD_RESONANCE_CONTINUITY.webp[39m[0m
[  60% ] [90m[1msavepack[22m | 파일 저장 중: res://scripts/animation/site7_machine_sprite.gd[39m[0m
[  60% ] [90m[1msavepack[22m | 파일 저장 중: res://assets/environments/site7/stage03/connectors/bulkhead_resonance/S03_15_BULKHEAD_RESONANCE_GAME.webp[39m[0m
[  60% ] [90m[1msavepack[22m | 파일 저장 중: res://scripts/animation/site7_biped_sprite.gd[39m[0m
[  60% ] [90m[1msavepack[22m | 파일 저장 중: res://assets/environments/site7/stage03/connectors/carrier_trace_armory/S03_14_CARRIER_TRACE_ARMORY_CONTINUITY.webp[39m[0m
[  61% ] [90m[1msavepack[22m | 파일 저장 중: res://scripts/animation/premium_sprite_shading.gd[39m[0m
[  61% ] [90m[1msavepack[22m | 파일 저장 중: res://assets/environments/site7/stage03/connectors/carrier_trace_armory/S03_14_CARRIER_TRACE_ARMORY_GAME.webp[39m[0m
[  61% ] [90m[1msavepack[22m | 파일 저장 중: res://scripts/animation/premium_operator_presentation.gd[39m[0m
[  61% ] [90m[1msavepack[22m | 파일 저장 중: res://assets/environments/site7/stage03/connectors/carrier_trace_bulkhead/S03_11_CARRIER_TRACE_BULKHEAD_CONTINUITY.webp[39m[0m
[  61% ] [90m[1msavepack[22m | 파일 저장 중: res://scripts/animation/premium_enemy_presentation.gd[39m[0m
[  62% ] [90m[1msavepack[22m | 파일 저장 중: res://assets/environments/site7/stage03/connectors/carrier_trace_bulkhead/S03_11_CARRIER_TRACE_BULKHEAD_GAME.webp[39m[0m
[  62% ] [90m[1msavepack[22m | 파일 저장 중: res://scripts/animation/operator_weapon_ik.gd[39m[0m
[  62% ] [90m[1msavepack[22m | 파일 저장 중: res://assets/environments/site7/stage03/connectors/defense_carrier_trace/S03_10_DEFENSE_CARRIER_TRACE_CONTINUITY.webp[39m[0m
[  62% ] [90m[1msavepack[22m | 파일 저장 중: res://scripts/animation/operator_visual.gd[39m[0m
[  62% ] [90m[1msavepack[22m | 파일 저장 중: res://assets/environments/site7/stage03/connectors/defense_carrier_trace/S03_10_DEFENSE_CARRIER_TRACE_GAME.webp[39m[0m
[  63% ] [90m[1msavepack[22m | 파일 저장 중: res://scripts/animation/operator_sector_silhouette_presentation.gd[39m[0m
[  63% ] [90m[1msavepack[22m | 파일 저장 중: res://assets/environments/site7/stage03/connectors/pressure_defense/S03_09_PRESSURE_DEFENSE_CONTINUITY.webp[39m[0m
[  63% ] [90m[1msavepack[22m | 파일 저장 중: res://scripts/animation/operator_ground_shadow.gd[39m[0m
[  63% ] [90m[1msavepack[22m | 파일 저장 중: res://assets/environments/site7/stage03/connectors/pressure_defense/S03_09_PRESSURE_DEFENSE_GAME.webp[39m[0m
[  63% ] [90m[1msavepack[22m | 파일 저장 중: res://scripts/animation/operator_directional_scale_guard.gd[39m[0m
[  64% ] [90m[1msavepack[22m | 파일 저장 중: res://assets/environments/site7/stage03/emergency_shaft/S03_06_EMERGENCY_SHAFT_CONTINUITY.webp[39m[0m
[  64% ] [90m[1msavepack[22m | 파일 저장 중: res://scripts/animation/operator_detail_overlay_presentation.gd[39m[0m
[  64% ] [90m[1msavepack[22m | 파일 저장 중: res://assets/environments/site7/stage03/emergency_shaft/S03_06_EMERGENCY_SHAFT_GAME.webp[39m[0m
[  64% ] [90m[1msavepack[22m | 파일 저장 중: res://scripts/animation/operator_authored_raster_presentation.gd[39m[0m
[  64% ] [90m[1msavepack[22m | 파일 저장 중: res://assets/environments/site7/stage03/inner_defense_line/S03_02_INNER_DEFENSE_LINE_CONTINUITY.webp[39m[0m
[  65% ] [90m[1msavepack[22m | 파일 저장 중: res://scripts/animation/motion_lab_character_runtime.gd[39m[0m
[  65% ] [90m[1msavepack[22m | 파일 저장 중: res://assets/environments/site7/stage03/inner_defense_line/S03_02_INNER_DEFENSE_LINE_GAME.webp[39m[0m
[  65% ] [90m[1msavepack[22m | 파일 저장 중: res://scripts/animation/fast_character_runtime.gd[39m[0m
[  65% ] [90m[1msavepack[22m | 파일 저장 중: res://assets/environments/site7/stage03/pressure_breach/S03_01_PRESSURE_BREACH_CONTINUITY.webp[39m[0m
[  65% ] [90m[1msavepack[22m | 파일 저장 중: res://scripts/animation/face_micro_rig.gd[39m[0m
[  66% ] [90m[1msavepack[22m | 파일 저장 중: res://assets/environments/site7/stage03/pressure_breach/S03_01_PRESSURE_BREACH_GAME.webp[39m[0m
[  66% ] [90m[1msavepack[22m | 파일 저장 중: res://scripts/animation/enemy_ground_shadow.gd[39m[0m
[  66% ] [90m[1msavepack[22m | 파일 저장 중: res://assets/environments/site7/stage03/resonance_chamber/S03_08_RESONANCE_CHAMBER_CONTINUITY.webp[39m[0m
[  66% ] [90m[1msavepack[22m | 파일 저장 중: res://scripts/animation/enemy_field_scale_presentation.gd[39m[0m
[  66% ] [90m[1msavepack[22m | 파일 저장 중: res://assets/environments/site7/stage03/resonance_chamber/S03_08_RESONANCE_CHAMBER_GAME.webp[39m[0m
[  66% ] [90m[1msavepack[22m | 파일 저장 중: res://.godot/exported/133200997/export-9c1ad2cd6930d40397f5043cbafc8c03-demo_font.res[39m[0m
[  66% ] [90m[1msavepack[22m | 파일 저장 중: res://.godot/imported/NotoSansKR-Regular.otf-4ae8f7324dc2aeada04fca31f5caeaa7.fontdata[39m[0m
[  66% ] [90m[1msavepack[22m | 파일 저장 중: res://assets/fonts/NotoSansKR-Regular.otf.import[39m[0m
[  66% ] [90m[1msavepack[22m | 파일 저장 중: res://assets/fonts/NOTO_PROVENANCE.json[39m[0m
[  66% ] [90m[1msavepack[22m | 파일 저장 중: res://.godot/imported/Rajdhani-Medium.ttf-e7603349f496e531180a2d200b37901a.fontdata[39m[0m
[  66% ] [90m[1msavepack[22m | 파일 저장 중: res://assets/fonts/Rajdhani-Medium.ttf.import[39m[0m
[  66% ] [90m[1msavepack[22m | 파일 저장 중: res://assets/shaders/machine_weathering.gdshader[39m[0m
[  67% ] [90m[1msavepack[22m | 파일 저장 중: res://assets/shaders/mockup_chroma.gdshader[39m[0m
[  67% ] [90m[1msavepack[22m | 파일 저장 중: res://assets/shaders/premium_2p5d_sprite.gdshader[39m[0m
[  67% ] [90m[1msavepack[22m | 파일 저장 중: res://.godot/imported/aster_overclock.svg-65bb3e72317c3ff619e9ffb527e3da69.ctex[39m[0m
[  67% ] [90m[1msavepack[22m | 파일 저장 중: res://assets/ui/skills/aster_overclock.svg.import[39m[0m
[  67% ] [90m[1msavepack[22m | 파일 저장 중: res://.godot/imported/aster_prism.svg-25c75537d069f4f4c030f33ee86b1d53.ctex[39m[0m
[  67% ] [90m[1msavepack[22m | 파일 저장 중: res://assets/ui/skills/aster_prism.svg.import[39m[0m
[  67% ] [90m[1msavepack[22m | 파일 저장 중: res://.godot/imported/aster_vector_dash.svg-bb47c2daccfc0b35455098b257e20f7b.ctex[39m[0m
[  67% ] [90m[1msavepack[22m | 파일 저장 중: res://assets/ui/skills/aster_vector_dash.svg.import[39m[0m
[  68% ] [90m[1msavepack[22m | 파일 저장 중: res://.godot/imported/mica_pulse_scan.svg-f8ad746978f2b64d48ee23a44ecd1721.ctex[39m[0m
[  68% ] [90m[1msavepack[22m | 파일 저장 중: res://assets/ui/skills/mica_pulse_scan.svg.import[39m[0m
[  68% ] [90m[1msavepack[22m | 파일 저장 중: res://.godot/imported/mica_relay_step.svg-a02c86529bbc53d279df8ea41587e8c4.ctex[39m[0m
[  68% ] [90m[1msavepack[22m | 파일 저장 중: res://assets/ui/skills/mica_relay_step.svg.import[39m[0m
[  68% ] [90m[1msavepack[22m | 파일 저장 중: res://.godot/imported/mica_sensor_bloom.svg-9c182f08f13d864d11f95c7cc9e3b5ec.ctex[39m[0m
[  68% ] [90m[1msavepack[22m | 파일 저장 중: res://assets/ui/skills/mica_sensor_bloom.svg.import[39m[0m
[  68% ] [90m[1msavepack[22m | 파일 저장 중: res://.godot/imported/rook_breach_slam.svg-302b70727e6289e2056f89c66b2b22d2.ctex[39m[0m
[  68% ] [90m[1msavepack[22m | 파일 저장 중: res://assets/ui/skills/rook_breach_slam.svg.import[39m[0m
[  68% ] [90m[1msavepack[22m | 파일 저장 중: res://.godot/imported/rook_bulwark.svg-e39c82425955b65393c7440b536d3c76.ctex[39m[0m
[  68% ] [90m[1msavepack[22m | 파일 저장 중: res://assets/ui/skills/rook_bulwark.svg.import[39m[0m
[  69% ] [90m[1msavepack[22m | 파일 저장 중: res://.godot/imported/rook_scatter_cycle.svg-6f9be3be7cd270842076878621bce808.ctex[39m[0m
[  69% ] [90m[1msavepack[22m | 파일 저장 중: res://assets/ui/skills/rook_scatter_cycle.svg.import[39m[0m
[  69% ] [90m[1msavepack[22m | 파일 저장 중: res://.godot/imported/aster_coil_rifle.svg-4aa67899a987be54b3c6d78689b541c3.ctex[39m[0m
[  69% ] [90m[1msavepack[22m | 파일 저장 중: res://assets/ui/weapons/aster_coil_rifle.svg.import[39m[0m
[  69% ] [90m[1msavepack[22m | 파일 저장 중: res://.godot/imported/mica_sensor_carbine.svg-5b9ebe1efb05437aacdb4b409e2e1aa2.ctex[39m[0m
[  69% ] [90m[1msavepack[22m | 파일 저장 중: res://assets/ui/weapons/mica_sensor_carbine.svg.import[39m[0m
[  69% ] [90m[1msavepack[22m | 파일 저장 중: res://.godot/imported/rook_scattergun.svg-96a2c65d1f2c028d7b106871f5de759b.ctex[39m[0m
[  69% ] [90m[1msavepack[22m | 파일 저장 중: res://assets/ui/weapons/rook_scattergun.svg.import[39m[0m
[  69% ] [90m[1msavepack[22m | 파일 저장 중: res://scripts/actors/target_dummy.gd[39m[0m
[  70% ] [90m[1msavepack[22m | 파일 저장 중: res://scripts/actors/squad_controller.gd[39m[0m
[  70% ] [90m[1msavepack[22m | 파일 저장 중: res://scripts/actors/operator_actor.gd[39m[0m
[  70% ] [90m[1msavepack[22m | 파일 저장 중: res://scripts/actors/enemy_actor.gd[39m[0m
[  70% ] [90m[1msavepack[22m | 파일 저장 중: res://.godot/exported/133200997/export-c181bf1d3170a3921e07fa947e5b67a4-TitleScreen.scn[39m[0m
[  70% ] [90m[1msavepack[22m | 파일 저장 중: res://.godot/exported/133200997/export-c3e1a9f8be92619a1b02134b5c23dde6-MissionResults.scn[39m[0m
[  71% ] [90m[1msavepack[22m | 파일 저장 중: res://.godot/exported/133200997/export-a29cc9250af310340e56b4213b45b640-BriefingScreen.scn[39m[0m
[  71% ] [90m[1msavepack[22m | 파일 저장 중: res://.godot/exported/133200997/export-fef457804cd6379f1195b361551c7572-MicaMovementFireWeb.scn[39m[0m
[  71% ] [90m[1msavepack[22m | 파일 저장 중: res://.godot/exported/133200997/export-5020145b7b03ae2538cd7f20a8cf206b-AsterStaticPreGatePreview.scn[39m[0m
[  71% ] [90m[1msavepack[22m | 파일 저장 중: res://.godot/exported/133200997/export-8ef736e6dd9841a6ea0ad9c4760e35e5-StoryStage01.scn[39m[0m
[  71% ] [90m[1msavepack[22m | 파일 저장 중: res://.godot/exported/133200997/export-b578994326ad27b3cfcad6648ce1b4ca-PrototypeArena.scn[39m[0m
[  72% ] [90m[1msavepack[22m | 파일 저장 중: res://.godot/exported/133200997/export-64334d192051ef2558e21cd7c9c84683-GameFlow.scn[39m[0m
[  72% ] [90m[1msavepack[22m | 파일 저장 중: res://.godot/exported/133200997/export-2d8e59e4079e3ba1fe490df6e0116e18-Bootstrap.scn[39m[0m
[  72% ] [90m[1msavepack[22m | 파일 저장 중: res://.godot/exported/133200997/export-0c8d0d8c6a4eb7cfba8dc5f50d32aa7b-BaseLobby.scn[39m[0m
[  72% ] [90m[1msavepack[22m | 파일 저장 중: res://.godot/exported/133200997/export-53558a01b7732790135ca29fa4f52ba3-OperatorActor.scn[39m[0m
[  72% ] [90m[1msavepack[22m | 파일 저장 중: res://.godot/exported/133200997/export-8a51fd1b70f934a18cb35dc50c0ff342-TargetDummy.scn[39m[0m
[  73% ] [90m[1msavepack[22m | 파일 저장 중: res://.godot/exported/133200997/export-2fe974f44e3daa2f6c59adcc0c29d5ca-EnemyActor.scn[39m[0m
[  73% ] [90m[1msavepack[22m | 파일 저장 중: res://motion_lab_v1/public/assets/atlas/aster/N_idle.web.webp[39m[0m
[  73% ] [90m[1msavepack[22m | 파일 저장 중: res://motion_lab_v1/public/assets/atlas/rook/W_walk.web.webp[39m[0m
[  73% ] [90m[1msavepack[22m | 파일 저장 중: res://motion_lab_v1/public/assets/atlas/rook/W_walk.json[39m[0m
[  73% ] [90m[1msavepack[22m | 파일 저장 중: res://motion_lab_v1/public/assets/atlas/aster/N_idle.json[39m[0m
[  74% ] [90m[1msavepack[22m | 파일 저장 중: res://motion_lab_v1/public/assets/atlas/rook/W_idle.web.webp[39m[0m
[  74% ] [90m[1msavepack[22m | 파일 저장 중: res://motion_lab_v1/public/assets/atlas/rook/W_idle.json[39m[0m
[  74% ] [90m[1msavepack[22m | 파일 저장 중: res://data/art_profiles/enemy_profiles.json[39m[0m
[  74% ] [90m[1msavepack[22m | 파일 저장 중: res://scripts/animation/aster_v4_locomotion_preview.gd[39m[0m
[  74% ] [90m[1msavepack[22m | 파일 저장 중: res://motion_lab_v1/public/assets/atlas/rook/S_walk.web.webp[39m[0m
[  75% ] [90m[1msavepack[22m | 파일 저장 중: res://motion_lab_v1/public/assets/atlas/rook/S_walk.json[39m[0m
[  75% ] [90m[1msavepack[22m | 파일 저장 중: res://motion_lab_v1/public/assets/atlas/aster/NW_walk.web.webp[39m[0m
[  75% ] [90m[1msavepack[22m | 파일 저장 중: res://motion_lab_v1/public/assets/atlas/rook/S_idle.web.webp[39m[0m
[  75% ] [90m[1msavepack[22m | 파일 저장 중: res://motion_lab_v1/public/assets/atlas/rook/S_idle.json[39m[0m
[  75% ] [90m[1msavepack[22m | 파일 저장 중: res://motion_lab_v1/public/assets/atlas/aster/NW_walk.json[39m[0m
[  76% ] [90m[1msavepack[22m | 파일 저장 중: res://motion_lab_v1/public/assets/atlas/rook/SW_walk.web.webp[39m[0m
[  76% ] [90m[1msavepack[22m | 파일 저장 중: res://motion_lab_v1/public/assets/atlas/rook/SW_walk.json[39m[0m
[  76% ] [90m[1msavepack[22m | 파일 저장 중: res://scripts/animation/diagonal_locomotion_presentation.gd[39m[0m
[  76% ] [90m[1msavepack[22m | 파일 저장 중: res://motion_lab_v1/public/assets/atlas/rook/SW_idle.web.webp[39m[0m
[  76% ] [90m[1msavepack[22m | 파일 저장 중: res://motion_lab_v1/public/assets/atlas/rook/SW_idle.json[39m[0m
[  77% ] [90m[1msavepack[22m | 파일 저장 중: res://motion_lab_v1/public/assets/atlas/aster/NW_idle.web.webp[39m[0m
[  77% ] [90m[1msavepack[22m | 파일 저장 중: res://motion_lab_v1/public/assets/atlas/rook/SE_walk.web.webp[39m[0m
[  77% ] [90m[1msavepack[22m | 파일 저장 중: res://motion_lab_v1/public/assets/atlas/rook/SE_walk.json[39m[0m
[  77% ] [90m[1msavepack[22m | 파일 저장 중: res://motion_lab_v1/public/assets/atlas/aster/NW_idle.json[39m[0m
[  77% ] [90m[1msavepack[22m | 파일 저장 중: res://motion_lab_v1/public/assets/atlas/rook/SE_idle.web.webp[39m[0m
[  78% ] [90m[1msavepack[22m | 파일 저장 중: res://motion_lab_v1/public/assets/atlas/rook/SE_idle.json[39m[0m
[  78% ] [90m[1msavepack[22m | 파일 저장 중: res://motion_lab_v1/public/assets/atlas/rook/profile.json[39m[0m
[  78% ] [90m[1msavepack[22m | 파일 저장 중: res://motion_lab_v1/public/assets/atlas/rook/portrait.png[39m[0m
[  78% ] [90m[1msavepack[22m | 파일 저장 중: res://motion_lab_v1/public/assets/atlas/aster/N_walk.json[39m[0m
[  78% ] [90m[1msavepack[22m | 파일 저장 중: res://motion_lab_v1/public/assets/atlas/rook/N_walk.web.webp[39m[0m
[  79% ] [90m[1msavepack[22m | 파일 저장 중: res://motion_lab_v1/public/assets/atlas/rook/N_walk.json[39m[0m
[  79% ] [90m[1msavepack[22m | 파일 저장 중: res://data/art_profiles/playable_profiles.json[39m[0m
[  79% ] [90m[1msavepack[22m | 파일 저장 중: res://motion_lab_v1/public/assets/atlas/rook/N_idle.web.webp[39m[0m
[  79% ] [90m[1msavepack[22m | 파일 저장 중: res://motion_lab_v1/public/assets/atlas/aster/NE_walk.web.webp[39m[0m
[  79% ] [90m[1msavepack[22m | 파일 저장 중: res://motion_lab_v1/public/assets/atlas/rook/NW_walk.web.webp[39m[0m
[  80% ] [90m[1msavepack[22m | 파일 저장 중: res://motion_lab_v1/public/assets/atlas/rook/NW_walk.json[39m[0m
[  80% ] [90m[1msavepack[22m | 파일 저장 중: res://motion_lab_v1/public/assets/atlas/aster/NE_walk.json[39m[0m
[  80% ] [90m[1msavepack[22m | 파일 저장 중: res://motion_lab_v1/public/assets/atlas/rook/NW_idle.web.webp[39m[0m
[  80% ] [90m[1msavepack[22m | 파일 저장 중: res://motion_lab_v1/public/assets/atlas/rook/NW_idle.json[39m[0m
[  80% ] [90m[1msavepack[22m | 파일 저장 중: res://assets/units/operators/aster/vfx/ASTER_COIL_PROJECTILE_V6_RGBA.webp[39m[0m
[  81% ] [90m[1msavepack[22m | 파일 저장 중: res://motion_lab_v1/public/assets/atlas/rook/NE_walk.web.webp[39m[0m
[  81% ] [90m[1msavepack[22m | 파일 저장 중: res://motion_lab_v1/public/assets/atlas/rook/NE_walk.json[39m[0m
[  81% ] [90m[1msavepack[22m | 파일 저장 중: res://motion_lab_v1/public/assets/atlas/aster/NE_idle.web.webp[39m[0m
[  81% ] [90m[1msavepack[22m | 파일 저장 중: res://motion_lab_v1/public/assets/atlas/rook/NE_idle.web.webp[39m[0m
[  81% ] [90m[1msavepack[22m | 파일 저장 중: res://motion_lab_v1/public/assets/atlas/rook/NE_idle.json[39m[0m
[  82% ] [90m[1msavepack[22m | 파일 저장 중: res://motion_lab_v1/public/assets/atlas/aster/NE_idle.json[39m[0m
[  82% ] [90m[1msavepack[22m | 파일 저장 중: res://motion_lab_v1/public/assets/atlas/rook/E_walk.web.webp[39m[0m
[  82% ] [90m[1msavepack[22m | 파일 저장 중: res://motion_lab_v1/public/assets/atlas/rook/E_walk.json[39m[0m
[  82% ] [90m[1msavepack[22m | 파일 저장 중: res://scripts/animation/boss_anchor_lock_presentation.gd[39m[0m
[  82% ] [90m[1msavepack[22m | 파일 저장 중: res://motion_lab_v1/public/assets/atlas/rook/E_idle.web.webp[39m[0m
[  83% ] [90m[1msavepack[22m | 파일 저장 중: res://motion_lab_v1/public/assets/atlas/rook/E_idle.json[39m[0m
[  83% ] [90m[1msavepack[22m | 파일 저장 중: res://motion_lab_v1/public/assets/atlas/aster/E_walk.web.webp[39m[0m
[  83% ] [90m[1msavepack[22m | 파일 저장 중: res://motion_lab_v1/public/assets/atlas/mica/W_walk.web.webp[39m[0m
[  83% ] [90m[1msavepack[22m | 파일 저장 중: res://motion_lab_v1/public/assets/atlas/mica/W_walk.json[39m[0m
[  83% ] [90m[1msavepack[22m | 파일 저장 중: res://motion_lab_v1/public/assets/atlas/aster/E_walk.json[39m[0m
[  84% ] [90m[1msavepack[22m | 파일 저장 중: res://motion_lab_v1/public/assets/atlas/mica/W_idle.web.webp[39m[0m
[  84% ] [90m[1msavepack[22m | 파일 저장 중: res://motion_lab_v1/public/assets/atlas/mica/W_idle.json[39m[0m
[  84% ] [90m[1msavepack[22m | 파일 저장 중: res://motion_lab_v1/public/assets/atlas/rook/N_idle.json[39m[0m
[  84% ] [90m[1msavepack[22m | 파일 저장 중: res://scripts/animation/boss_phase_transition_guard.gd[39m[0m
[  84% ] [90m[1msavepack[22m | 파일 저장 중: res://motion_lab_v1/public/assets/atlas/mica/S_walk.web.webp[39m[0m
[  85% ] [90m[1msavepack[22m | 파일 저장 중: res://motion_lab_v1/public/assets/atlas/mica/S_walk.json[39m[0m
[  85% ] [90m[1msavepack[22m | 파일 저장 중: res://motion_lab_v1/public/assets/atlas/aster/E_idle.web.webp[39m[0m
[  85% ] [90m[1msavepack[22m | 파일 저장 중: res://motion_lab_v1/public/assets/atlas/mica/S_idle.web.webp[39m[0m
[  85% ] [90m[1msavepack[22m | 파일 저장 중: res://motion_lab_v1/public/assets/atlas/mica/S_idle.json[39m[0m
[  85% ] [90m[1msavepack[22m | 파일 저장 중: res://motion_lab_v1/public/assets/atlas/aster/E_idle.json[39m[0m
[  86% ] [90m[1msavepack[22m | 파일 저장 중: res://motion_lab_v1/public/assets/atlas/mica/SW_walk.web.webp[39m[0m
[  86% ] [90m[1msavepack[22m | 파일 저장 중: res://motion_lab_v1/public/assets/atlas/mica/SW_walk.json[39m[0m
[  86% ] [90m[1msavepack[22m | 파일 저장 중: res://data/visual/site7_room_art.json[39m[0m
[  86% ] [90m[1msavepack[22m | 파일 저장 중: res://motion_lab_v1/public/assets/atlas/mica/SW_idle.web.webp[39m[0m
[  86% ] [90m[1msavepack[22m | 파일 저장 중: res://motion_lab_v1/public/assets/atlas/mica/SW_idle.json[39m[0m
[  87% ] [90m[1msavepack[22m | 파일 저장 중: res://data/visual/site7_prop_art.json[39m[0m
[  87% ] [90m[1msavepack[22m | 파일 저장 중: res://motion_lab_v1/public/assets/atlas/mica/SE_walk.web.webp[39m[0m
[  87% ] [90m[1msavepack[22m | 파일 저장 중: res://motion_lab_v1/public/assets/atlas/mica/SE_walk.json[39m[0m
[  87% ] [90m[1msavepack[22m | 파일 저장 중: res://data/visual/site7_environment_props.json[39m[0m
[  87% ] [90m[1msavepack[22m | 파일 저장 중: res://motion_lab_v1/public/assets/atlas/mica/SE_idle.web.webp[39m[0m
[  88% ] [90m[1msavepack[22m | 파일 저장 중: res://motion_lab_v1/public/assets/atlas/mica/SE_idle.json[39m[0m
[  88% ] [90m[1msavepack[22m | 파일 저장 중: res://motion_lab_v1/public/assets/atlas/mica/profile.json[39m[0m
[  88% ] [90m[1msavepack[22m | 파일 저장 중: res://motion_lab_v1/public/assets/atlas/mica/portrait.png[39m[0m
[  88% ] [90m[1msavepack[22m | 파일 저장 중: res://data/visual/site7_battle_layouts.json[39m[0m
[  88% ] [90m[1msavepack[22m | 파일 저장 중: res://motion_lab_v1/public/assets/atlas/mica/N_walk.web.webp[39m[0m
[  89% ] [90m[1msavepack[22m | 파일 저장 중: res://motion_lab_v1/public/assets/atlas/mica/N_walk.json[39m[0m
[  89% ] [90m[1msavepack[22m | 파일 저장 중: res://data/visual/site7_battle_art.json[39m[0m
[  89% ] [90m[1msavepack[22m | 파일 저장 중: res://motion_lab_v1/public/assets/atlas/mica/N_idle.web.webp[39m[0m
[  89% ] [90m[1msavepack[22m | 파일 저장 중: res://motion_lab_v1/public/assets/atlas/mica/N_idle.json[39m[0m
[  89% ] [90m[1msavepack[22m | 파일 저장 중: res://scripts/animation/enemy_detail_overlay_presentation.gd[39m[0m
[  90% ] [90m[1msavepack[22m | 파일 저장 중: res://data/visual/enemy_detail_overlays.json[39m[0m
[  90% ] [90m[1msavepack[22m | 파일 저장 중: res://motion_lab_v1/public/assets/atlas/mica/NW_idle.web.webp[39m[0m
[  90% ] [90m[1msavepack[22m | 파일 저장 중: res://motion_lab_v1/public/assets/atlas/mica/NW_idle.json[39m[0m
[  90% ] [90m[1msavepack[22m | 파일 저장 중: res://data/story/site7_campaign.json[39m[0m
[  90% ] [90m[1msavepack[22m | 파일 저장 중: res://motion_lab_v1/public/assets/atlas/mica/NE_walk.web.webp[39m[0m
[  91% ] [90m[1msavepack[22m | 파일 저장 중: res://motion_lab_v1/public/assets/atlas/mica/NE_walk.json[39m[0m
[  91% ] [90m[1msavepack[22m | 파일 저장 중: res://data/story/chapter_01.json[39m[0m
[  91% ] [90m[1msavepack[22m | 파일 저장 중: res://motion_lab_v1/public/assets/atlas/mica/NE_idle.web.webp[39m[0m
[  91% ] [90m[1msavepack[22m | 파일 저장 중: res://motion_lab_v1/public/assets/atlas/mica/NE_idle.json[39m[0m
[  91% ] [90m[1msavepack[22m | 파일 저장 중: res://data/progression/weapons.json[39m[0m
[  92% ] [90m[1msavepack[22m | 파일 저장 중: res://motion_lab_v1/public/assets/atlas/mica/E_walk.web.webp[39m[0m
[  92% ] [90m[1msavepack[22m | 파일 저장 중: res://motion_lab_v1/public/assets/atlas/mica/E_walk.json[39m[0m
[  92% ] [90m[1msavepack[22m | 파일 저장 중: res://data/progression/run_modifiers.json[39m[0m
[  92% ] [90m[1msavepack[22m | 파일 저장 중: res://motion_lab_v1/public/assets/atlas/mica/E_idle.web.webp[39m[0m
[  92% ] [90m[1msavepack[22m | 파일 저장 중: res://motion_lab_v1/public/assets/atlas/mica/E_idle.json[39m[0m
[  93% ] [90m[1msavepack[22m | 파일 저장 중: res://data/progression/intel_discoveries.json[39m[0m
[  93% ] [90m[1msavepack[22m | 파일 저장 중: res://motion_lab_v1/public/assets/atlas/mica/NW_walk.web.webp[39m[0m
[  93% ] [90m[1msavepack[22m | 파일 저장 중: res://motion_lab_v1/public/assets/atlas/mica/NW_walk.json[39m[0m
[  93% ] [90m[1msavepack[22m | 파일 저장 중: res://data/missions/MIS_CH01_05.json[39m[0m
[  93% ] [90m[1msavepack[22m | 파일 저장 중: res://motion_lab_v1/public/assets/atlas/aster/W_idle.web.webp[39m[0m
[  94% ] [90m[1msavepack[22m | 파일 저장 중: res://motion_lab_v1/public/assets/atlas/aster/W_idle.json[39m[0m
[  94% ] [90m[1msavepack[22m | 파일 저장 중: res://data/missions/MIS_CH01_04.json[39m[0m
[  94% ] [90m[1msavepack[22m | 파일 저장 중: res://motion_lab_v1/public/assets/atlas/aster/S_walk.web.webp[39m[0m
[  94% ] [90m[1msavepack[22m | 파일 저장 중: res://motion_lab_v1/public/assets/atlas/aster/S_walk.json[39m[0m
[  94% ] [90m[1msavepack[22m | 파일 저장 중: res://data/missions/MIS_CH01_03.json[39m[0m
[  95% ] [90m[1msavepack[22m | 파일 저장 중: res://motion_lab_v1/public/assets/atlas/aster/S_idle.web.webp[39m[0m
[  95% ] [90m[1msavepack[22m | 파일 저장 중: res://motion_lab_v1/public/assets/atlas/aster/S_idle.json[39m[0m
[  95% ] [90m[1msavepack[22m | 파일 저장 중: res://data/missions/MIS_CH01_02.json[39m[0m
[  95% ] [90m[1msavepack[22m | 파일 저장 중: res://motion_lab_v1/public/assets/atlas/aster/SW_walk.web.webp[39m[0m
[  95% ] [90m[1msavepack[22m | 파일 저장 중: res://motion_lab_v1/public/assets/atlas/aster/SW_walk.json[39m[0m
[  96% ] [90m[1msavepack[22m | 파일 저장 중: res://data/missions/MIS_CH01_01.json[39m[0m
[  96% ] [90m[1msavepack[22m | 파일 저장 중: res://motion_lab_v1/public/assets/atlas/aster/SW_idle.web.webp[39m[0m
[  96% ] [90m[1msavepack[22m | 파일 저장 중: res://motion_lab_v1/public/assets/atlas/aster/SW_idle.json[39m[0m
[  96% ] [90m[1msavepack[22m | 파일 저장 중: res://data/character_pipeline/rook_runtime.json[39m[0m
[  96% ] [90m[1msavepack[22m | 파일 저장 중: res://motion_lab_v1/public/assets/atlas/aster/W_walk.web.webp[39m[0m
[  97% ] [90m[1msavepack[22m | 파일 저장 중: res://motion_lab_v1/public/assets/atlas/aster/W_walk.json[39m[0m
[  97% ] [90m[1msavepack[22m | 파일 저장 중: res://motion_lab_v1/public/assets/atlas/aster/SE_walk.json[39m[0m
[  97% ] [90m[1msavepack[22m | 파일 저장 중: res://data/character_pipeline/mica_runtime.json[39m[0m
[  97% ] [90m[1msavepack[22m | 파일 저장 중: res://motion_lab_v1/public/assets/atlas/aster/SE_idle.web.webp[39m[0m
[  97% ] [90m[1msavepack[22m | 파일 저장 중: res://motion_lab_v1/public/assets/atlas/aster/SE_idle.json[39m[0m
[  98% ] [90m[1msavepack[22m | 파일 저장 중: res://motion_lab_v1/public/assets/atlas/aster/profile.json[39m[0m
[  98% ] [90m[1msavepack[22m | 파일 저장 중: res://motion_lab_v1/public/assets/atlas/aster/portrait.png[39m[0m
[  98% ] [90m[1msavepack[22m | 파일 저장 중: res://data/art_profiles/site7_enemy_body_plan.json[39m[0m
[  98% ] [90m[1msavepack[22m | 파일 저장 중: res://motion_lab_v1/public/assets/atlas/aster/N_walk.web.webp[39m[0m
[  98% ] [90m[1msavepack[22m | 파일 저장 중: res://motion_lab_v1/public/assets/atlas/aster/SE_walk.web.webp[39m[0m
[  98% ] [90m[1msavepack[22m | 파일 저장 중: res://assets/fonts/demo_font.tres.remap[39m[0m
[  98% ] [90m[1msavepack[22m | 파일 저장 중: res://scenes/ui/TitleScreen.tscn.remap[39m[0m
[  98% ] [90m[1msavepack[22m | 파일 저장 중: res://scenes/ui/MissionResults.tscn.remap[39m[0m
[  98% ] [90m[1msavepack[22m | 파일 저장 중: res://scenes/story/BriefingScreen.tscn.remap[39m[0m
[  98% ] [90m[1msavepack[22m | 파일 저장 중: res://scenes/qa/MicaMovementFireWeb.tscn.remap[39m[0m
[  98% ] [90m[1msavepack[22m | 파일 저장 중: res://scenes/qa/AsterStaticPreGatePreview.tscn.remap[39m[0m
[  98% ] [90m[1msavepack[22m | 파일 저장 중: res://scenes/mission/StoryStage01.tscn.remap[39m[0m
[  98% ] [90m[1msavepack[22m | 파일 저장 중: res://scenes/mission/PrototypeArena.tscn.remap[39m[0m
[  98% ] [90m[1msavepack[22m | 파일 저장 중: res://scenes/bootstrap/GameFlow.tscn.remap[39m[0m
[  98% ] [90m[1msavepack[22m | 파일 저장 중: res://scenes/bootstrap/Bootstrap.tscn.remap[39m[0m
[  98% ] [90m[1msavepack[22m | 파일 저장 중: res://scenes/base/BaseLobby.tscn.remap[39m[0m
[  98% ] [90m[1msavepack[22m | 파일 저장 중: res://scenes/actors/player/OperatorActor.tscn.remap[39m[0m
[  98% ] [90m[1msavepack[22m | 파일 저장 중: res://scenes/actors/enemy/TargetDummy.tscn.remap[39m[0m
[  98% ] [90m[1msavepack[22m | 파일 저장 중: res://scenes/actors/enemy/EnemyActor.tscn.remap[39m[0m
[  98% ] [90m[1msavepack[22m | 파일 저장 중: res://.godot/global_script_class_cache.cfg[39m[0m
[  98% ] [90m[1msavepack[22m | 파일 저장 중: res://.godot/uid_cache.bin[39m[0m
[  98% ] [90m[1msavepack[22m | 파일 저장 중: res://project.binary[39m[0m
[92m[ DONE ][39m [1msavepack[22m
[0m
